Gank,CRM LocationCode,CRM Location Name,Text to identify Mall,Text to identify Merchant,ZipCode to identify Mall,GST to identify Merchant
99,L1800100314,LOT ONE - PIZZA HUT,LOT 1|LOT ONE|21 CHOA CHU KANG,PIZZA HUT|GST REG NO:M2-0114109-5|TEL: 6465 5740,,M201141095
98,L03063160552,TAMPINES MALL - PUTIEN,TAMPINES MALL,PU TIEN|TEL : 6781 2162|FAX : 6781 2163|GST REG : 200001660-W,529510,200001660W
97,L2505080285,WESTGATE - CJ KITCHEN,WESTGATE|3 GATEWAY DRIVE,CRYSTAL JADE KITCHEN (WG)|TEL NO: 64659822|FAX: 64659833|GST NO: 200002726D,608532,200002726D
95,L0220880087,JUNCTION 8 - WATAMI JAPANESE CASUAL RESTAURANT,JUNCTION 8|9 BISHAN PLACE,WATAMI|WATAMI JAPANESE CASUAL|TEL:6258 3577|FAX:6258 3803|GST REG. NO: 200821208-R,579837,200821208R
94,L0201860190,JUNCTION 8 - CHALLENGER,JUNCTION 8|9 BISHAN PLACE,CHALLENGER|198400182K,579837,M200632303
93,L2402120044,BEDOK MALL - SWENSEN'S,BEDOK MALL|311 NEW UPPER CHANGI ROAD,SWENSEN|SWENSEN'S|FAX: 6844 9750|COMPANY REG. N 197803023H|GST NO. M2- 0032810-8,,M200328108
92,L57083340747,RAFFLES CITY SINGAPORE - MUJI,RAFFLES CITY|252 NORTH BRIDGE ROAD|SINGAPORE 179103,MUJI|MUJI SING|#02-20/22|PHONE +65-6264 5838|FAX: +65-6264 5260,179103,200300025H
91,L0208690104,JUNCTION 8 - BHG,BISHAN,WWW.BHGSINGAPORE.COM.SG|AT BHG|65-67041368|BHGSING,,M201190924
90,L09071100999,JCUBE - SAIZERIYA,JCUBE|JCUBE MALL,SAIZERIYA|TEL: 6268 7512|COMPANY REG. NO. 200818603R|GST REG. NO. 20-0818603-R,609731,200818603R
9,L0413460570,PLAZA SINGAPURA - COLD STORAGE,PLAZA SINGAPURA|68 ORCHARD ROAD|SINGAPORE 238839,CS PLAZA::CS|COLD STORAGE|#B2-15/16|GST NO MR-8500225-7,238839,MR85002257
89,L0500511872,IMM BUILDING - POPULAR,IMM BUILDING|IMM MALL|IMM BRANCH|IMM BLDG|IMM,POPULAR|POPULAR BOOK|GST REG MR-8500027-X,609601,MR8500027X
88,L03017660586,TAMPINES MALL - ITACHO SUSHI,TAMPINES MALL|4 TAMPINES CENTRAL 5|SINGAPORE 529510,ITACHO SUSHI|ITACHO|67895388,529510,200906024W
87,L09001790291,JCUBE - ASTONS SPECIALITIES,JCUBE|JCUBE MALL|2 JURONG EAST CENTRAL 1|609731,ASTONS|TEL: 6334 7072|GST REG. NO. : 200719983N,609731,200719983N
86,L2526580234,WESTGATE - CHALLENGER MINI,WESTGATE|3 GATEWAY DRIVE,CHALLENGER|CHALLENGER TECHNOLOGIES|ROC NO.: 198400182K|GST NO. :M2-0063230-3,608532,M200632303
85,L03034190580,TAMPINES MALL - H&M,TAMPINES MALL|4 TAMPINES CENTRAL 5|529510,HENNES|H&M|HENNES & MAURITZ|TEL : 64438823|GST REG NO M90366024R,529510,M90366024R
84,L1808940066,LOT ONE - KIDDY PALACE,LOT 1|LOT ONE|21 CHOA CHU KANG,KIDDY PALACE|TEL: 67640790|ROC/GST NO : 19-9201408-M,,199201408M
83,L5751610138,RAFFLES CITY SINGAPORE - SUSHI TEI,RAFFLES CITY|252 NORTH BRIDGE ROAD,SUSHI TEI|GST REG NO:M2-0126393-0|TEL: 63347887|FAX: 63347667,179103,M201263930
82,L57RCS04,RAFFLES CITY SINGAPORE - GUARDIAN,RAFFLES CITY|252 NORTH BRIDGE ROAD,GUARDIAN|GUARDIAN HEALTH & BEAUTY|WWW.GUARDIAN.COM.SG,179103,MR85002257
81,L0300040376,TAMPINES MALL - COURTS,TAMPINES,COURTS SING|197301411C|WWW.COURTS.COM,,M200162650
80,L0202120092,JUNCTION 8 - SWENSEN'S,JUNCTION 8|9 BISHAN PLACE,SWENSEN|SWENSEN'S|TEL: 6252 6229|FAX: 6252 8526|COMPANY REG. N 197803023H|GST NO. M2-0032810-8,579837,M200328108
8,L0701740232,SEMBAWANG SHOPPING CENTRE - GIANT,604 SEMBAWANG|SEMBAWANG SHOPPING CTR|SEMBAWANG SHOPPING,GIANT|TEL: 6484 3115|GST NO MR-8500225-7|BIZ REG NO 53234707B|WWW.GIANTONLINE.COM.SG,758459,MR85002257
79,L1801970497,,LOT 1|LOT ONE|21 CHOA CHU KANG AVE 4,SAKAE KYO|TEL: (65) 67643678|GST REG: 201008718R,689812,199604816E
78,L05038232529,,IMM MALL|IMM BUILDING|2 JURONG EAST STREET 21|S(609601)|IMM,SUSHI EXPRESS|TEL:6563 2748|GST REG NO:201025838D,609601,201025838D
77,L0502121304,IMM BUILDING - SWENSEN'S,IMM BLDG|IMM BRANCH|IMM BUILDING|IMM MALL|2 JURONG EAST STREET 21,SWENSEN|SWENSEN'S|TEL : 6566 7554|FAX: 6561 8026|COMPANY REG. N 197803023H|GST NO. M2-0032810-8,609601,M200328108
76,L0301050210,"TAMPINES MALL - TOYS""R""US",TAMPINES CENTRAL|TAMPINES MALL,TOYSRUS|TOYS 'R' US|TOYRUS.COM|GST REGISTRATION NO. M2-064073-0|HOTLINE: 6733 0190|EMAIL: S9.STAR@TOYSRUS.COM,529510,M20640730
75,L0701830176,SEMBAWANG SHOPPING CENTRE - DAISO JAPAN,SEMBAWANG SHOPPING,DAISO|TEL:6484-3418|ROC: T02FC6208E|GST REG: F0-0006208N,758459,F00006208N
74,L18028850084,LOT ONE - PARADISE DYNASTY,LOT 1|LOT ONE|21 CHOA CHU KANG AVE 4,PARADISE|PARADISE DYNASTY|TEL: 6766 2380|FAX: 6766 2557|GST REG NO. 201010512H,689812,201010512H
73,L0501961769,IMM BUILDING - WAN CHAI HK TEA ROOM,IMM BUILDING|IMM MALL|IMM BRANCH|IMM BLDG|2 JURONG EAST STREET 21|IMM|609601,WANCHAI|WANCHAI HONG KONG TEA ROOM|GST REG #:200610274Z,609601,200610274Z
72,L0500141745,IMM BUILDING - WATSONS,IMM BLDG|IMM BRANCH|IMM BUILDING|IMM,WATSONS|GST REG : M2-0077257-1|BUS REG NO. 198702314R|WWW.WATSONS.COM.SG,,M200772571
71,L0300720009,TAMPINES MALL - CRYSTAL JADE KITCHEN,TAMPINES MALL|4 TAMPINES CENTRAL 5,CRYSTAL JADE|CRYSTAL JADE KITCHEN|TEL NO: 6788-0633|FAX: 6788-0622|GST NO: M2-8921430-5,529510,M289214305
70,L0601860796,BUGIS JUNCTION - CHALLENGER,BUGIS JUNCTION|200 VICTORIA STREET|188021,CHALLENGER|CHELLENGER TECHNOLOGIES|ROC NO. :198400182K|GST NO. :M2-0063230-3|@CHANLLENGER,188021,M200632303
7,L2501220028,WESTGATE - ISETAN,WESTGATE|JURONG EAST|TEL NO. : 6896,ISETAN|CO.REG.NO. : 197001177H|GST REG. NO. : M2-0011480-9|TEL NO. : 6896-7777|WWW.ISETAN.COM.SG,,M200114809
69,L2400390013,BEDOK MALL - DIN TAI FUNG,BEDOK MALL|11 NEW UPPER CHANGI ROAD,DIN TAIFUNG|TEL:68449489|COREGNO.:200303124C|GSTREGNO.:20-03-03124C,467360,200303124C
68,L0202390320,JUNCTION 8 - BEST DENKI,JUNCTION 8|9 BISHAN PLACE,BEST DENKI|BEST DENKI (S)|TEL: 62588488|GST REG NO.: M2-0053813-7|RCB NO. 198202199E|WWW.BESTDENKI.COM.SG,579837,M200538137
67,L0402570474,PLAZA SINGAPURA - SPOTLIGHT,PLAZA SINGAPURA|238839,LEVEL 5::5|PH 65 6733 9808|FAX 65 6733 0576|WWW.SPOTLIGHT.COM.SG|GST NO. M2-8921418-6,238839,M289214186
66,CALT25,CALTEX - CALTEX TAMPINES,1 TAMPINES AVENUE 8|SINGAPORE 529594,CALTEX|TEL: 6260 1780|FAX: 6260 1782|TAX ID: MR-8500235-4|MERCHANT ID: 1049442450,529594,MR85002354
65,L0600030599,BUGIS JUNCTION - GUARDIAN,BUGIS JUNCTION,GUARDIAN|38562800E|GUARDIAN HEALTH,188021,MR85002257
64,L0400030317,PLAZA SINGAPURA - GUARDIAN,PLAZA SINGAPURA|68 ORCHARD ROAD,GUARDIAN|GUARDIAN HEALTH & BEAUTY|WWW.GUARDIAN.COM.SG,238839,MR85002257
63,L1601860090,BUKIT PANJANG PLAZA - CHALLENGER,BUKIT PANJANG PLAZA|1 JELEBU ROAD,CHALLENGER|CHALLENGER TECHNOLOGIES |ROC NO.:198400182K|GST NO.: M2-0063230-3,677743,M200632303
62,L2528850295,WESTGATE - PARADISE DYNASTY,WESTGATE|3 GATEWAY DRIVE,PARADISE DYNASTY|FAX: 6465 9272|GST REG NO. 201010512H,608532,201010512H
61,L2400510224,BEDOK MALL - POPULAR,BEDOK MALL,POPULAR|POPULAR BOOK COMPANY|GST REG MR-8500027-X|URBANWRITE,554360,MR8500027X
60,L0301860523,TAMPINES MALL - CHALLENGER,TAMPINES MALL|4 TAMPINES CENTRAL 5,CHALLENGER|CHALLENGER TECHNOLOGIES|ROC NO.:198400182K|GST NO.: M2-0063230-3,529510,M200632303
6,L2460440250,BEDOK MALL - FAIRPRICE FINEST,BEDOK MALL|311 NEW UPPER CHANGI ROAD|BEDOK|467360,FINEST|FAIRPRICE FINEST|UEN NO: S83CS0191L|GST NO :M4-0004578-0,467360,M400045780
59,L05024942465,IMM BUILDING - HAIDILAO HOT POT,IMM BUILDING|IMM MALL|IMM BRANCH|IMM BLDG,HAIDILAO,,201201446C
58,L1524330406,THE ATRIUM@ORCHARD - UNIQLO,PLAZA SINGAPURA|68 ORCHARD ROAD,UNIQLO|WWW.UNIQLO.COM|#03-53 TO 62|GST REG NO: 200816544K,238839,200816544K
57,L1600510083,BUKIT PANJANG PLAZA - POPULAR,BUKIT PANJANG|554360,POPULAR|POPULAR BOOK|GST REG MR-8500027-X|URBANWRITE,677743,MR8500027X
56,L1800140120,LOT ONE - WATSONS,LOT 1,WATSONS|GST REG : M2-0077257-1|BUS REG NO. 198702314R|WWW.WATSONS.COM.SG,,M200772571
55,L0502391503,IMM BUILDING - BEST DENKI,IMM BUILDING|2 JURONG EAST STREET 21|S(609601)|IMM,BEST DENKI (S)|TEL:  65644022|GST REG NO.: M2-0053813-7|RCB NO. 198202199E|WWW.BESTDENKI.COM.SG,609601,M200538137
54,L2500030308,WESTGATE - GUARDIAN,WESTGATE|3 GATEWAY DRIVE,GUARDIAN HEALTH & BEAUTY|BIZ REG NO 38562800E|TEL:6465 9440|BIZ REG NO 38562800E|GST NO MR-8500225-7|WWW.GUARDIAN.COM.SG,608532,MR85002257
53,L2538230316,WESTGATE - SUSHI EXPRESS,WESTGATE|3 GATEWAY DRIVE,SUSHI EXPRESS|TEL:6465 9326|GST REG NO:201025838D,608532,201025838D
52,L0502631509,IMM BUILDING - ICHIBAN SUSHI,IMM BLDG|IMM BRANCH|IMM BUILDING|IMM MALL|2 JURONG EAST STREET 21,ICHIBAN SUSHI|FAX: 68963078|CO. REG. NO.: 53273556X,609601,M200833031
50,L5752200377,RAFFLES CITY SINGAPORE - WATSONS,RAFFLES|RAFFLES CITY,WATSONS|GST REG : M2-0077257-1|BUS REG NO. 198702314R|WWW.WATSONS.COM.SG,,M200772571
5,L0260440007,JUNCTION 8 - FAIRPRICE FINEST,JUNCTION 8|9 BISHAN PLACE,FINEST|FAIRPRICE FINEST|62590461,579837,M400045780
49,L1602630211,BUKIT PANJANG PLAZA - ICHIBAN SUSHI,BUKIT PANJANG PLAZA|1 JELEBU ROAD,ICHIBAN SUSHI|TEL: 6760 8135|FAX: 6760 8182|CO. REG. NO.: 198801832Z|GST REG NO: M2-0083303-1|WWW.RES.COM.SG,677743,M200833031
48,L2424330245,BEDOK MALL - UNIQLO,BEDOK MALL|311 NEW UPPER CHANGI ROAD|BEDOK|467360,UNIQLO|WWW.UNIQLO.COM|GST REG NO: 200816544K,467360,200816544K
47,L2529760272,WESTGATE - TIM HO WAN,WESTGATE|3 GATEWAY DRIVE|SINGAPORE 608532,TIM HO WAN|GST REG NO: 201301178C,608532,201301178C
46,L25000510564,WESTGATE - POPULAR,WESTGATE,POPULAR|POPULAR BOOK COMPANY|GST REG MR-8500027-X,608532,MR8500027X
45,L2419840003,BEDOK MALL - CANTON PARADISE,BEDOK MALL|311 NEW UPPER CHANGI ROAD|BEDOK|467360,CANTON PARADISE|TEA HOUSE|GST REG NO 201010317-N|FAX: 6844 9243,467360,201010317N
44,L1811490286,LOT ONE - UNITY,LOT 1|LOT ONE|21 CHOA CHU KANG AVE 4,UNITY|UNITY BY FAIRPRICE|63 7678,689812,M400045780
43,L1600140028,BUKIT PANJANG PLAZA - WATSONS,BUKIT PANJANG PLAZA|1 JELEBU ROAD,WATSONS|WATSONS BUKIT|GST REG : M2-0077257-1|BUS REG NO. 198702314R|WWW.WATSONS.COM.SG,,M200772571
42,L05063792725,IMM BUILDING - NIKEFACTORYSTORE,IMM BLDG|IMM BRANCH|IMM BUILDING|IMM MALL,NIKE GLOBAL|(65)6896 2602|NIKEFACTORYSTORE|NIKEFACTORYSTORE|NIKE,609601,M90367331L
41,L04031130691,PLAZA SINGAPURA - MUJI,PLAZA SINGAPURA|68 ORCHARD ROAD,MUJI|MUJI SING|PHONE: +65-6264 5838|FAX: +65-6264 5260,238839,200300025H
40,L0200510204,JUNCTION 8 - POPULAR,JUNCTION 8,POPULAR|POPULAR BOOK|GST REG MR-8500027-X,554360,MR8500027X
4,L1860430425,LOT ONE - FAIRPRICE,LOT 1|LOT ONE|21 CHOA CHU KANG AVE 4|689812,NTUC|NTUC FAIRPRICE|665009,689812,M400045780
39,L0302120395,TAMPINES MALL - SWENSEN'S,TAMPINES MALL|5 TAMPINES CENTRAL 5,SWENSEN|SWENSEN'S|COMPANY REG. N 197803023H|TEL: 6781 5489|FAX: 6587 6345|GST NO. M2-0032810-8,,M200328108
38,L2400140054,BEDOK MALL - WATSONS,BEDOK MALL|311 NEW UPPER,WATSONS|BUS REG NO. 198702314R|GST REG: M2-0077257-1|WWW.WATSONS.COM.SG,467360,M200772571
37,L0200140149,JUNCTION 8 - WATSONS,JUNC 8|J8,WATSONS|GST REG : M2-0077257-1|BUS REG NO. 198702314R|WWW.WATSONS.COM.SG,579837,M200772571
36,L1800030443,LOT ONE - GUARDIAN,LOT 1|LOT ONE|21 CHOA CHU KANG AVENUE 4,GUARDIAN HEALTH & BEAUTY|BIZ REG NO 38562800E|GST NO MR-8500225-7|WWW.GUARDIAN.COM.SG,689812,MR85002257
35,L2124330311,BUGIS+ - UNIQLO,BUGIS+|2012 VICTORIA STREET|188067,UNIQLO|WWW.UNIQLO.COM|TEL: 6238 7401|GST REG NO: 200816544K,188067,200816544K
34,L0401860509,PLAZA SINGAPURA - CHALLENGER,PLAZA SINGAPURA|68 ORCHARD ROAD,CHALLENGER|CHALLENGER TECHNOLOGIES|ROC NO.: 198400182K|GST NO.:M2-0063230-3|@CHALLENGER,238839,M200632303
33,L0401830465,PLAZA SINGAPURA - DAISO JAPAN,PLAZA SINGAPURA|68 ORCHARD ROAD,DAISO|TEL: 6884-9210|ROC: T02FC6208E|GST REG: F0-0006208N,238839,F00006208N
32,L0600140646,BUGIS JUNCTION - WATSONS,BUGIS JUNCTION,WATSONS|BUS REG NO. 198702314R|GST REG: M2-0077257-1|WWW.WATSONS.COM.SG,,M200772571
31,L0300030016,TAMPINES MALL - GUARDIAN,TAMPINES MALL|4 TAMPINES CENTRAL 5|529538,GUARDIAN HEALTH & BEAUTY|BIZ REG NO 38562800E|TEL:6787 0648|GST NO MR-8500225-7|WWW.GUARDIAN.COM.SG,529510,MR85002257
30,L1800510420,LOT ONE - POPULAR,LOT 1|LOT ONE,POPULAR|POPULAR BOOK COMPANY|GST REG MR-8500027-X,689812,MR8500027X
3,L0360430010,TAMPINES MALL - FAIRPRICE,TAMPINES MALL|4 TAMPINES CENTRAL 5|SINGAPORE 529510,NTUC|NTUC FAIRPRICE|861953|GST NO :M4-0004578-0,529510,M400045780
29,L2400030111,BEDOK MALL - GUARDIAN,BEDOK MALL|311 NEW UPPER CHANGI ROAD,GUARDIAN HEALTH & BEAUTY|BIZ REG NO 38562800E|#B2-45/46/47|TEL:6844-9312|GST NO MR-8500225-7|WWW.GUARDIAN.COM.SG,467360,MR85002257
28,L0200030016,JUNCTION 8 - GUARDIAN,JUNCTION 8|9 BISHAN PLACE,GUARDIAN|GUARDIAN HEALTH & BEAUTY|TEL: 6353 7234|WWW.GUARDIAN.COM.SG,579837,MR85002257
27,L0300390165,TAMPINES MALL - DIN TAI FUNG,TAMPINES MALL|4 TAMPINES CENTRAL 5,DIN TAI FUNG|TEL: 6787 0998|CO REG NO. :200303124C|GST REG NO.:20-03-03124C,529510,200303124C
26,L1801860087,LOT ONE - CHALLENGER,LOT 1|LOT ONE|21 CHOA CHU KANG AVE 4,CHALLENGER|CHALLENGER TECHNOLOGIES|ROC NO.:198400182K|GST NO.:M2-0063230-3|@ CHALLENGER,689812,M200632303
25,L0500031744,IMM BUILDING - GUARDIAN,IMM BUILDING|2 JURONG EAST ST 21,GUARDIAN HEALTH & BEAUTY|TEL:6566 7660|BIZ REG NO 38562800E|GST NO MR-8500225-7|WWW.GUARDIAN.COM.SG,609601,MR85002257
23,L1600030133,BUKIT PANJANG PLAZA - GUARDIAN,BUKIT PANJANG PLAZA|1 JELEBU ROAD,GUARDIAN HEALTH & BEAUTY|WWW.GUARDIAN.COM.SG,677743,MR85002257
22,L0200390094,JUNCTION 8 - DIN TAI FUNG,JUNCTION 8|9 BISHAN PLACE,DIN TAI FUNG|TEL: 6356 5228|CO REG NO.:200303124C|GST REG NO.:20-03-03124C,579837,200303124C
218,L0403760405,PLAZA SINGAPURA - XIN WANG HONG KONG CAFE,PLAZA SINGAPURA|68 ORCHARD ROAD,XIN WANG|XIN WANG HONG KONG|#06-08/09/10|TEL:68848698,,200711630D
214,L1613740102,BUKIT PANJANG PLAZA - JACK'S PLACE,BUKIT PANJANG PLAZA|1 JELEBU ROAD,JACK'S PLACE|STEAKHOUSE|TEL:6568928700,677743,M200680600
213,L1800250458,LOT ONE - PET LOVERS CENTRE,LOT ONE|LOT 1|LOT1 BRANCH,PET LOVERS|TEL:188-PETFOOD|WWW.PETLOVERSCENTRE.COM,,53052642E
212,L03026580523,TAMPINES MALL - CHALLENGER MINI,TAMPINES MALL|4 TAMPINES CENTRAL 5,CHALLENGER MINI|CHALLENGER TECHNOLOGIES,529510,M200632303
211,L2400100104,BEDOK MALL - PIZZA HUT,BEDOK MALL|311 NEW UPPER CHANGI ROAD,PIZZA HUT|#B2-05/34|TEL:68449852,467360,M201141095
210,L0004659990,PLAZA SINGAPURA - PLAZA SINGAPURA,PLAZA SINGAPURA|68 ORCHARD ROAD|SINGAPORE 238839,MEAL MUJI|GST 200300025H,238839,200300025H
21,L0300510209,TAMPINES MALL - POPULAR,TAMPINES MALL,POPULAR|POPULAR BOOK COMPANY|GST REG MR-8500027-X,529510,MR8500027X
208,L03072940508,TAMPINES MALL - SUKI-YA AND EAT AT TAIPEI,TAMPINES MALL|4 TAMPINES CENTRAL 5,EAT AT TAIPEI|TEL: 6789 6166|ROB: 53187736A|GST: 199605714E|EMAIL:MAIL@CREATERIES.COM,,199605714E
205,L04000720614,,PLAZA SINGAPURA|68 ORCHARD ROAD,CRYSTAL JADE KITCHEN STEAMBOAT|TEL:63362833,238839,M200940342
204,L24000010421,,BEDOK MALL|311 NEW UPPER CHANGI ROAD,AJISEN RAMEN| GST REG NO. M90370629T|TEL NO. 6844 9373,,M90370629T
203,L2124430321,,BUGIS+|201 VICTORIA STREET|SINGAPORE 188067,COCO ICHIBANYA|TEL: 6341 9978|COMPANY REG. NO. 201009695G|GST REG. NO. 20-1009695-G,188067,201009695G
202,L0528562048,,IMM BUILDING|2 JURONG EAST ST 21|IMM,VGO INTER|WORLD OF SPORTS|TEL:64251035,,201628895E
201,L1529090252,THE ATRIUM@ORCHARD - HOSHINO COFFEE,PLAZA SINGAPURA|68 ORCHARD RD,HOSHINO COFFEE|PHONE: +6563383277|REG NN. :200501519R|GST NO. : 20-0501519-R,238839,200501519R
20,L0300140206,TAMPINES MALL - WATSONS,TAMPINES MALL,WATSONS|GST REG : M2-0077257-1|BUS REG NO. 198702314R|WWW.WATSONS.COM.SG,,M200772571
2,L0501741751,IMM - GIANT,IMM BLDG|IMM BRANCH|IMM BUILDING|IMM MALL,GIANT|53234707B|GIANTONLINE,609601,MR85002257
198,L06073690948,,BUGIS JUNCTION|200 VICTORIA STREET|SINGAPORE 188021,KINOKUNIYA BOOKSTORES|GST REG:M2-0052652-0|BUSINESS REG. NO.: 198301413H,188021,M200526520
197,L04062830646,,PLAZA SINGAPURA|68 ORCHARD ROAD,ART FRIEND @ PSG|AFTK PTE|TEL: 63361120|FAX: 63361190|GST/ACRA NO. 200404456E,238839,200404456E
196,L25086970481,,WESTGATE|3 GATEWAY DRIVE|608532,HONOLULU|201531891N,608532,201531891N
195,L0604350229,,BUGIS JUNCTION|60 MIDDLE ROAD,SARIKA|SARIKA CONNOISSEUR|TCC @ BUGIS JUNCTION - ATRIUM,188966,2000004940E
192,L05077742730,,IMM BUILDING|2 JURONG EAST,SKECHERS SING|TEL:68963290,609601,200618576R
191,L22064230492,THE STAR VISTA - YAYOI,THE STAR VISTA|1 VISTA EXCHANGE GREEN,YAYOI|TEL :6570 2668|GST REG NO : 201104609W|YAYOIKEN,138617,201104609W
19,L0501861558,IMM BUILDING - CHALLENGER,IMM BLDG|IMM BRANCH|IMM BUILDING|IMM MALL|2 JURONG EAST STREET 21,CHALLENGER|CHALLENGER TECHNOLOGIES|ROC NO.:198400182K|GST NO.: M2-0063230-3|@CHALLENGER,609601,M200632303
189,L25024430431,,WESTGATE|3 GATEWAY DRIVESINGAPORE 608532,COCO ICHIBANYA|TEL/FAX: 6710 7062 / 6710 7063|COMPANY REG. NO. 201009695G|GST REG. NO. 20-1009595-G,608532,201009695G
188,L2402390223,,BEDOK MALL|311 NEW UPPER CHANGI ROAD,BEST DENKI|BEST DENKI (S)|#B1-01/43/44|GST REG NO.: M2-0053813-7|RCB NO. 198202199E|WWW.BESTDENKI.COM.SG,467360,M200538137
185,L0400490285,,PLAZA SINGAPURA,GOLDEN VILLAGE|GV TAMP,238839,M200915038
183,L0609960159,,BUGIS JUNCTION|200 VICTORIA ST,MA MAISON|GST REG NO: M2-8920605 - 1|TEL: 6338 4819|FAX: 6338 4319,188021,M289206051
182,CALT01,,355 EAST COAST ROAD,CALTEX|CALTEX EAST COAST|TEL: 6342 2378|FAX: 6342 2381|TAX ID: MR-8500235-4|MERCHANT ID: 1049442320,428972,MR85002354
180,L1616870087,,BUKIT PANJANG PLAZA|1 JELEBU ROAD|SINGAPORE 677743,STREATS CF|GST REGNO: M2892220330|WWW.STREATS CF.COM.SG|TEL: 6767 4745|FAX: 6767 4769,677743,M2892220330
18,L09060440379,JCUBE - FAIRPRICE FINEST,JCUBE|JCUBE MALL|2 JURONG EAST CENTRAL 1,FINEST|FAIRPRICE FINEST|TEL: 62624180 / 62624183|UEN NO: S83CS0191L|GST NO :M4-0004578-0,609731,M400045780
179,L0528152023,,IMM BUILDING,RSH SING|AT RSH|CO.REG 199409417M|GST REG NO 19-9409417-M|TEL NO: 6567 9308,,199409417M
178,L05085902037,,IMM BUILDING|IMM,DEASSIKSIN|GST REG NO : 200810220Z|TEL: 6264 9650,,200810220Z
177,L24030030491,,BEDOK MALL|311 NEW UPPER CHANGI ROAD,SEOUL GARDEN|TEL:65841339,467360,M90001079Y
176,L2526690345,WESTGATE - PAPPARICH,WESTGATE|3 GATEWAY DRIVE,PAPPARICH|TEL:6358 2232|GST REG NO. 201205313C,608532,201205313C
175,L18087290017,,LOT ONE|21 CHAO CHU KANG AVE 4,CHATERAISE|TEL:6769 0676|GST REG NO: 201130958D,689812,21130958D
172,L57136370615, RAFFLES CITY SINGAPORE - COMNAM - VIETNAMESE STREET EATS / NAMNAM NOODLE,RAFFLES CITY|252 NORTH BRIDGE ROAD,NAM NAM|COMNAM|COMNAM-VIETNAMESE STREET EATS|WWW.NAMNAMNOODLEBAR.COM.SG|TEL:63347377,179103,201116280N
170,L25086760741,,WESTGATE|3 GATEWAY DR,MASIZZIM@WEST GATE|GST REG NO:201431188M,608532,201431188M
17,L0501831860,IMM BUILDING - DAISO JAPAN,IMM BLDG|IMM BRANCH|IMM BUILDING|IMM MALL|2 JURONG EAST STREET 21,DAISO|TEL:6566-9585|ROC: T02FC6208E|GST REG: F0-006208N,609601,F00006208N
169,L02028430093,JUNCTION 8 - SEOULYUMMY KOREAN CASUAL DINING,JUNCTION 8|9 BISHAN PLACE,SEOUL YUMMY|SEOUL YUMMY (J8)|SUBSIDIARY OF GRATIFY GROUP|GST NO. 201613400K|TEL: 6570 2033|WWW.SEOULYUMMY.COM,579837,201613400K
168,L0900140056,,JCUBE,WATSONS|GST REG : M2-0077257-1|BUS REG NO. 198702314R|WWW.WATSONS.COM.SG,,M200772571
165,L0314320263,,TAMPINES MALL|4 TAMPINES CTRL 5,EXPRESS TEPPAN-YAKI|GST REG NO. 199501289G,529510,199501289G
163,L0201190017,,JUNCTION 8|NO.9 BISHAN PLACE|SINGAPORE 579837,HOCKHUA TONIC|TEL: 62501160|CO. REG. NO. : 53040022K|GST REG. NO. : 20-0407924-G,579837,200407924G
161,L0920510061,"JCUBE - ITACHO SUSHI, JIKA UDON",JCUBE|2 JURONG EAST CENTRAL 1|SINGAPORE 609731,ITACHO SUSHI|JIKA UDON|TEL: 6684 4083|#02-14 2 JUR,609731,
160,L0502892032,,IMM BUILDING|2 JURONG EAST ST 21|IMM|609601,AJISEN RAMEN|GST REG: M90370629T|TEL: 6564 5610|AJISEN RAMEN,609601,M90370629T
16,L2213460264,THE STAR VISTA - COLD STORAGE,THE STAR VISTA|1 VISTA EXCHANGE GREEN,CS STAR::CS|COLD STORAGE|#B1-02/35/36,13861,MR85002257
157,L25081990591,,WESTGATE|3 GATEWAY DRIVE,SHABU SAI WG|TEL 6908 5686|201104341W,,
156,L03062250560,TAMPINES MALL - OLD STREET BAK KUT TEH . YOU TIAO . SOYA MILK,TAMPINES MALL|4 TAMPINES CENTRAL 5,OLD STREET BAK KU THE (TM)|GST REG NO: 201502254K,529510,201502254K
154,L0516871284,,IMM BUILDING|2 JURONG EAST ST 21|IMM|609601,STREATS CF|GST REGNO: M2892220330|TEL: 65646471|WWW.STREATS.COM.SG,609601,M2892220330
150,L2538470315,WESTGATE - OLD STREET BAK KUT TEH,WESTGATE|3 GATEWAY DRIVE|SINGAPORE 068532,OLD STREET BAK KU THE|TEL: 67591082|35494K,608532,201303398H
15,L1808690119,LOT ONE - BHG,LOT 1|LOT ONE|21 CHOA CHU KANG,WWW.BHGSINGAPORE.COM.SG|AT BHG|TEL NO : 65-67660880,,M201190924
149,L1600100155,BUKIT PANJANG PLAZA - PIZZA HUT,BUKIT PANJANG PLAZA|1 JELEBU ROAD,PIZZA HUT|TEL: 6892 1266|GST REG NO:M2-0114109-5|WWW.PIZZAHUTGUESTSURVEY.COM.SG,677743,M201141095
148,L24084060349,BEDOK MALL - HOT TOMATO,BEDOK MALL|311 NEW UPPER CHANGI ROAD,HOT TOMATO|D' COFFEESHOP|GST REG NO : 20051638N,467360,200516387N
146,L0617660469,BUGIS JUNCTION - ITACHO SUSHI,BUGIS JUNCTION|200 VICTORIA STREET|SINGAPORE 188021,ITACHO SUSHI|ITACHO|TEL: 63378911,188021,200906024W
144,L25086930559,WESTGATE - IRVINS SALTED EGG,WESTGATE|3 GATEWAY DRIVE,COCOBA|IRVINS SALTED EGG|UNIT NO. #02-K3|TEL NO: 6264 3076|WWW.IRVINSALTEDEGG.COM|GST REG:200702419E,608532,200702419E
143,L0300530293,TAMPINES MALL - ARENA,TAMPINES MALL|4 TAMPINES CENTRAL 5|SINGAPORE 529510,ARENA|ROC NO: 198101922R|GST REG. NO. : M200533968,529510,M200533968
142,L2526870296,WESTGATE - HOT TOMATO CAFE & GRILL,WEST GATE|3 GATEWAY DRIVE,HOT TOMATO CONCEPT|GST REG NO : 201210852K,608532,201210852K
141,L2508940074,WESTGATE - KIDDY PALACE,WEST GATE|3 GATEWAY DRIVE,KIDDY PALACE|ROC/GST NO: 19-9201408-M,,199201408M
140,L1811580440,LOT ONE - DIAN XIAO ER,LOT 1|LOT ONE|21 CHOA CHU KANG AVU 4|689812,DIAN XIAO ER|GST REG NO: 20-0207476-M|TEL: 6766 1776,,200207476M
14,L57054310673,RAFFLES CITY SINGAPORE - RAFFLES CITY MARKET PLACE,RAFFLES CITY|252 NORTH BRIDGE ROAD,MKT PLACE|BIZ REG NO 52929695X,179103,MR85002257
139,L0417660505,PLAZA SINGAPURA - ITACHO SUSHI,PLAZA SINGAPURA|68 ORCHARD ROAD|SINGAPORE 238839,ITACHO SUSHI|ITACHO|TEL: 63378922,238839,200906024W
136,L2200140167,THE STAR VISTA - WATSONS,STAR VISTA|1 VISTA EXCHANGE GREEN,WATSONS|GST REG : M2-0077257-1|BUS REG NO. 198702314R|WWW.WATSONS.COM.SG,,M200772571
135,L0231990303,JUNCTION 8 - VENUS BEAUTY,JUNCTION 8|9 BISHAN PLACE|SINGAPORE 579837,VENUS BEAUTY|VENUSBEAUTY.SG|GST NO: 20-0414121-G,579837,200414121G
134,L0223300284,JUNCTION 8 - A-ONE CLAYPOT HOUSE,JUNCTION 8|9 BISHAN PLACE,A-ONE|CLAYPOT HOUSE|TEL: 6258 5119|GST REG NO. 200813285Z,579837,200813285Z
133,L18062250154,LOT ONE - OLD STREET BAK KUT TEH . YOU TIAO . SOYA MILK,LOT 1|LOT ONE|21 CHOA CHU KANG,OLD STREET BAK KU THE|GST REG NO: 201419163G,689812,201419163G
132,L0300210436,TAMPINES MALL - THE BODY SHOP,TAMPINES MALL|TAMPINES CENTRAL,THE BODY SHOP|IS OUR SOURCE|THEBODYSHOP|TELEPHONE: 67810673|BIZ REG NO: 199307427H|GST REG NO: M20119094X|THEBODYSHOP.COM/FEEDBACK,529510,M20119094X
131,L25061790569,WESTGATE - YOOGANE,WESTGATE|3 GATEWAY DRIVE|SINGAPORE 608532,YOOGANE|TEL: +65 6710 7821|GST REG NO. 201426699M,608532,201426699M
130,CALT03,CALTEX - JURONG WEST,21 JURONG WEST STREET 93|648964,CALTEX|TEL: 6793 0880|FAX: 6792 0330|TAX ID: MR-8500235-4|MERCHANT ID: 1049442430,648964,MR85002354
13,L0608690237,BUGIS JUNCTION - BHG,BUGIS JUNCTION,WWW.BHGSINGAPORE.COM.SG|AT BHG|65-62232222|BHGSING,,M201190924
129,L0722970265,SEMBAWANG SHOPPING CENTRE - JUST ACIA,604 SEMBAWANG|SEMBAWANG|SEMBAWANG SHOPPING,JUSTACIA.COM|JUST ACIA|JUST ACIA|6555 7798,,201131662D
128,L1801190019,LOT ONE - HOCKHUA TONIC,LOT 1|LOT ONE|21 CHOA CHU KANG AVENUE 4|SINGAPORE 689812,HOCKHUA TONIC|TEL: 67678630|CO. REG. NO. : 53026826D|GST REG. NO. : 20-0309446-K,689812,200309446K
127,L0429760588,PLAZA SINGAPURA - TIM HO WAN,PLAZA SINGAPURA|68 ORCHARD ROAD,TIM HO WAN|GST REG NO: 201301178C|#01-29A/52,238839,201301178C
126,L25079690529,WESTGATE - EARLE SWENSEN,WESTGATE|3 GATEWAY DRIVE|SINGAPORE 608532,EARLE SWENSEN|EARLE SWENSEN'S|TEL: 6358 3859|FAX: 6358 3849|COMPANY REG. N. 197803023H|GST NO. N2-0032910-8,608532,M200329108
125,L0402630254,PLAZA SINGAPURA - ICHIBAN SUSHI,PLAZA SINGAPURA|68 ORCHARD ROAD|SINGAPORE 238839,ICHIBAN SUSHI|TEL: 6837 0113|FAX: 6837 0414|CO. REG. NO.: 53273556X|GST REG. NO.: M2-0083303-1,238839,M200833031
124,L16062250364,BUKIT PANJANG PLAZA - OLD STREET BAK KUT TEH . YOU TIAO . SOYA MILK,BUKIT PANJANG PLAZA|1 JELEBU ROAD,OLD STREET BAK KU THE (BP)|GST REG NO: 200811393M,677743,200811393M
123,L1800040461,LOT ONE - COURTS,LOT 1|LOT ONE|21 CHOA CHU KANG,COURTS SING|197301411C|WWW.COURTS.COM,,M200162650
122,L0402540144,PLAZA SINGAPURA - MARKS & SPENCER,PLAZA SINGAPURA|68 ORCHARD ROAD,MARKS & SPENCER|BACCARAT|TEL: 6835 9552|GST/CO NO: MR85001447/197501717W|WWW.TELLMANDSSG.COM,238839,MR85001447
121,L03066420148,TAMPINES MALL - AJISEN RAMEN AND OSAKA OHSHO,TAMPINES MALL|TAMPINES CENTRAL,AJISEN RAMEN|OSAKA OHSHO|GST REG: M90370629T|TEL: 67876422,,M90370629T
120,L21002910427,BUGIS+ - GENKI SUSHI,BUGIS+|201 VICTORIA STREET|SINGAPORE 188067,GENKI SUSHI|GENKI SUSHI BUGIS+|GST REG NO. 201100057G,188067,201100057G
12,L0301220338,TAMPINES MALL - ISETAN,TAMPINES|TAMPINES MALL|TEL NO.: 6788,ISETAN|WWW.ISETAN.COM.SG|CO.REG.NO.: 197001177H|GST REG. NO. : M2-0011480-9,,M200114809
119,L1602120086,BUKIT PANJANG PLAZA - SWENSEN'S,BUKIT PANJANG PLAZA|1 JELEBU ROAD,SWENSEN|SWENSEN'S|TEL : 68920319|FAX: 68923450|COMPANY REG. N 197803023H|GST NO. M2-0032810-8,677743,199707925N
118,CALT02,CALTEX - CLEMENTI,CLEMENTI AVENUE 2,CALTEX,129930,MR85002354
117,L2217660155,THE STAR VISTA - ITACHO SUSHI,STAR VISTA|1 VISTA EXCHANGE GREEN,ITACHO SUSHI|ITACHO|TEL: 66940880,138617,201210694N
116,L21068810472,BUGIS+ - RAMEN CHAMPION,BUGIS+|201 VICTORIA STREET,OTARU SUISAN|RAMEN|RAMEN CHAMPION|COMPANY REG. NO. 201113013Z|GST REG. NO. 201113013Z|IS+ #04-10,188067,201113013Z
115,L25086350685,WESTGATE - IPPUDO SG @ WESTGATE,WESTGATE|3 GATEWAY DRIVE,IPPUDO SG|GST REG NO: 200904034W|TEL: +65 6465 9308|WWW.IPPUDO.COM.SG,608532,200904034W
114,L1607900213,BUKIT PANJANG PLAZA - HARVEY NORMAN,BUKIT PANJANG PLAZA|1 JELEBU ROAD,HARVEY NORMAN|#03-06/06A/06B/07A,677743,MR85001242
113,L03060970611,TAMPINES MALL - INNISFREE,TAMPINES MALL|4 TAMPINES CENTRAL 5|SINGAPORE 529510,INNISFREE|NATURAL BENEFITS FROM JEJU|IF SG TAMPINES|#01-35/36/37|TEL NO: 6443 9608|CO. /GST NO: 200107846H,188021,200107846H
112,L1800010383,LOT ONE - AJISEN RAMEN,LOT 1|LOT ONE|21 CHOA CHU KANG,AJISEN RAMEN|GST REG: M90370629T,,M90370629T
111,L2500140301,WESTGATE - WATSONS,WESTGATE|3 GATEWAY DRIVE,WATSONS|GST REG : M2-0077257-1|BUS REG NO. 198702314R|WWW.WATSONS.COM.SG,,M200772571
110,L02011580416,JUNCTION 8 - DIAN XIAO ER,JUNCTION 8|9 BISHAN PLACE,DIAN XIAO ER|GST REG NO: 20-0207476-M|TEL: 6684 0877,579837,200207476M
11,L57054200166,RAFFLES CITY SINGAPORE - ROBINSONS,RAFFLES CITY|RAFFLES,ROBINSONS|TEL: +65 62168388|ROBINSONS & CO (S) P/L,179103,MR85001447
109,L0300100083,TAMPINES MALL - PIZZA HUT,TAMPINES MALL,PIZZA HUT|GST REG NO:M2-0114109-5|TEL: 6781 3413|WWW.PIZZAHUTGUESTSURVEY.COM.SG,,M201141095
108,L0701790218,SEMBAWANG SHOPPING CENTRE - ASTONS SPECIALITIES,SEMBAWANG SHOPPING CENTRE|604 SEMBAWANG ROAD,ASTONS|#B1-12/13/14|TEL: 6753 6302|GST REG. NO. : 200719983N,758459,200719983N
107,L0301190407,TAMPINES MALL - HOCKHUA TONIC,TAMPINES MALL|4 TAMPINES CENTRAL 5,HOCKHUA TONIC|TEL: 67837768|CO. REG. NO.: 53043905X|GST REG. NO. : 20-0416653-M,529510,200416653M
106,L5750560587,RAFFLES CITY SINGAPORE - DIN TAI FUNG,RAFFLES CITY|252 NORTH BRIDGE ROAD,DIN TAI FUNG|CO REG NO.:200303124C|GST REG NO.:20-03-031124C,179101,200303124C
105,L25063260446,WESTGATE - TOKYU HANDS,JURONG EAST|3 GATEWAY DRIVE,TOKYU HANDS|TOKYU HANDS JURONG EAST|TEL: 6710-7100|FAX: 6710-7177|GST REG NO. : 201416784C,608532,201416784C
104,L1611490005,BUKIT PANJANG PLAZA - UNITY,BUKIT PANJANG PLAZA|1 JELEBU ROAD,UNITY|UNITY BY FAIRPRICE|TEL 6760 2363,677743,
103,L2200030160,THE STAR VISTA - GUARDIAN,THE STAR VISTA|1 VISTA EXCHANGE GREEN|138617,GUARDIAN|GUARDIAN HEALTH|GUARDIAN HEALTH & BEAUTY|WWW.GUARDIAN.COM.SG,138617,MR85002257
102,L1601190198,BUKIT PANJANG PLAZA - HOCKHUA TONIC,BUKIT PANJANG PLAZA|1 JELEBU ROAD,HOCKHUA TONIC|TEL: 68922551|CO. REG. NO. : 53004359M|GST REG. NO.: 20-0309446-K,677743,200309446K
101,L2417660065,BEDOK MALL - ITACHO SUSHI,BEDOK MALL|311 NEW UPPER CHANGI ROAD,ITACHO SUSHI|ITACHO|TEL: 62278911,467360,200906024W
100,L2226910269,THE STAR VISTA - CANTON PARADISE TEAHOUSE,THE STAR VISTA|1 VISTA EXCHANGE GREEN,CANTON PARADISE|TEA HOUSE|FAX: 6694 2936,138617,201010317N
10,L0613460502,BUGIS JUNCTION - COLD STORAGE,230 VICTORIA ST,CS BUGIS::CS|COLD STORAGE|63361990,188024,MR85002257
1,L16078700191,BUKIT PANJANG PLAZA - FAIRPRICE FINEST,BUKIT PANJANG PLAZA|1 JELEBU ROAD,FINEST|FAIRPRICE FINEST|#01-15 & 02-20,677743,M400045780
,L0025660001, WESTGATE - WESTGATE,WESTGATE|3 GATEWAY DRIVE,HA-JUN|UNISEX,608532,
,L0200210057,,JUNCTION 8|9 BISHAN PLACE,THE BODY SHOP|IS OUR SOURCE|THEBODYSHOP,579837,M20119094X
,L0200250022,,JUNCTION 8 BRANCH,PET LOVERS CENTRE|PETLOVERSCENTRE|TEL : 1800-PERFOOD|GST REG : M2-0032541-9,,m200325419
,L0200770026,,JUNCTION 8|9 BISHAN PLACE,EUYANSANG|EU YAN SANG|TEL: (65)63542174|FAX: (65)63541648|GST REG. NO. : M2-0002462-1,579837,M200024621
,L0200910075,JUNCTION 8 - BYSI,JUNCTION 8,BYSI|BYSI SING|TEL +65 63534054,,200908756c
,L0201930299,,JUNCTION 8,BATA.COM.SG|WITH BATA,,m200000374
,L0201970027,,JUNCTION 8|9 BISHAN PLACE,SAKAE SUSHI|SAKAE SUSHI (J8)|TEL: (65) 67348552|GST REG: 201208407R,579837,201208407R
,L0202140234,JUNCTION 8 - AJISEN JAPANESE RESTAURANT,JUNCTION 8|9 BISHAN PLACE,AJISEN|MID: 9800063653,,
,L02023220178,,JUNCTION 8|9 BISHAN PLACE,JAPAN HOME,579837,201127632E
,L02030740296,,JUNCTION 8 SHOPPING,SKECHERS|#01-10/11,579837,
,L0207830212,,JUNCTION 8,FOOD JUN|STALL #10|GST REG. :201311836H,,201311836H
,L0300060465,,TAMPINES MALL|4 TAMPINES CENTRAL 5,DELIFRANCE|TEL: 6260 8522|BUSINESS REG NO: 198902330E|GST REG NO: MR-8500313-0,529510,mr85003130
,L0300250420,,TAMPINES MALL|4 TAMPINES CENTRAL 5,PET LOVERS CENTRE|PETLOVERSCENTRE|1800-PETFOOD,,52969972M
,L0300450051,,TAMPINES MALL|4 TAMPINES CENTRAL 5|SINGAPORE 529510,BOSSINI|J&R BOSSINI FASHION|#02-06/07/08|GST REG NO:M200747887|@BOSSINISG,529510,m200747887
,L0300770015,,TAMPINES MALL|4 TAMPINES CENTRAL 5,EUYANSANG|EU YAN SANG|TEL: (65)67874270|FAX: (65)67874092,529510,M200024621
,L03061790656,,TAMPINES MALL|4 TAMPINES CENTRAL 5|SINGAPORE 529510,YOOGANE|TEL: 65441098|GST REG NO. 201426699M,529510,
,L03069960272,,TAMPINES MALL|4 TAMPINES CENTRAL 5|SINGAPORE 529510,SOPHO|SOPHO.COM|GST REGNO: M289220330|TEL: 6789 0653|FAX: 6789 2807|WWW.SOPHO.COM.SG,529510,m289220330
,L03086730652,,TAMPINES MALL|4 TAMPINES CENTRAL 5|SINGAPORE 529510,MENYA MUSASHI|GST REG: M90370629T|TEL: 6786 3221,529510,M90370629T
,L0315160184,,TAMPINES MALL|4 TAMPINES CENTRAL 5,NANDO'S|TEL: 65-67895052|FAX:65-67895591|PERI-PERI@NANDOS,529510,200208738D
,L0321640264,,TAMPINES MALL|4 TAMPINES CENTRAL 5,O'NYA SAYANG|TEL: 67838140|GST REG NO: 201112734C,529510,201112734c
,L0323630431,,TAMPINES MALL|4 TAMPINES CENTRAL 5,HUSH PUPPIES,529510,M200657772
,L0400140006,PLAZA SINGAPURA - WATSONS,PLAZA SINGAPURA|68 ORCHARD ROAD,WATSONS|GST REG : M2-0077257-1|BUS REG NO. 198702314R|WWW.WATSONS.COM.SG,,m200772571
,L0400210106,,PLAZA SINGAPURA|68 ORCHARD ROAD,THE BODY SHOP|IS OUR SOURCE|THEBODYSHOP,238839,M20119094X
,L0400770524,,PLAZA SINGAPURA|68 ORCHARD ROAD,EUYANSANG|EU YAN SANG|TEL: (65)62380735|FAX: (65)6238072|GST REG. NO.: M2-0002462-1,238839,M200024621
,L0402120183,,PLAZA SINGAPURA|68 ORCHARD ROAD,SWENSEN'S|TEL: 68370650,238839,M200328108
,L04029490072,PLAZA SINGAPURA - 4FINGERS CRISPY CHICKEN,PLAZA SINGAPURA|68 ORCHARD ROAD,4FINGERS CRISPY CHICKEN|GST REG. NO. : 201411212R|WWW.4FINGERS.COM,238839,201411212R
,L04089760108,PLAZA SINGAPURA - THEFACESHOP - NATURE COLLECTION,PLAZA SINGAPURA|68 ORCHARD ROAD,NATURE COLLECTION|68370460,238839,200411534c
,L0418560022,,PLAZA SINGAPURA|68 ORCHARD ROAD,MANNA STORY,238839,
,L0500251903,,IMM BUILDING|IMM MALL|IMM BRANCH|IMM BLDG,PET LOVERS CENTRE|1800-PETFOOD|PETLOVERSCENTRE,,m200325419
,L0500770085,,IMM BLDG|IMM BRANCH|IMM BUILDING|IMM MALL,EUYANSANG|EU YAN SANG,609601,M200024621
,L0501081303,,JURONG EAST|IMM BUILDING,M1 SHOP::M1|BRN : #199601952W,,m90003294P
,L05065192467,,IMM JURONG,PEDRO|PEDROSHOES.COM,609601,200512535M
,L05085972898,,IMM JURONG,SAAP SAAP THAI,,200409736E
,L0527511980,,IMM BLDG|IMM BRANCH|IMM BUILDING|IMM MALL,ADIDAS|TEL:65695736,609601,M201192820
,L0527882029,IMM BUILDING - SOUP RESTAURANT,IMM BUILDING|2 JURONG EAST ST 2|SINGAPORE 467360,SOUP RESTAURANT|WHITE RESTAURANT|TEL: 6899 1811|FAX: 6899 1911,609601,M90344326G
,L0528822077,,IMM SHOPPING MALL|2 JURONG EAST STREET 21,SACOOR|DELTA RETAIL TRADING|PHONE: 65696903|UEN: 201114985W,609601,201114985w
,L0600210554,,BUGIS JUNCTION,THE BODY SHOP|IS OUR SOURCE|THEBODYSHOP,188021,M20119094X
,L0600450553,,BUGIS JUNCTION|200 VICTORIA STREET,BOSSINI|BOSSINI ENTERPRISES LIMITED (SG)|TEL: 6337 6647|FAX: 6337 8647|GST REG NO:M200747887,188021,m200747887
,L0600770460,,BUGIS JUNCTION,EUYANSANG|EU YAN SANG,188021,M200024621
,L0601470122,,200 VICTORIA STREET|BUGIS JUNCTION,PAZZION|TEL 6333 9970,,200200886H
,L0601970674,,BUGIS JUNCTION,SAKAE SUSHI,188021,199604816E
,L0602120090,,BUGIS JUNCTION,SWENSEN|SWENSEN'S|197803023H,188021,M200328108
,L06087790158,,BUGIS JUNCTION|200 VICTORIA ST,KOGANE YAMA|KOGANE|GST: 201700204C,188021,
,L0660970843, BUGIS JUNCTION - INNISFRE,BUGIS JUNCTION|200 VICTORIA ST,INNISFREE|NATURAL BENEFITS FROM JEJU|TEL NO: 6238 0129|CO. /GST NO: 200107846H,188021,200107846H
,L0661790156,,BUGIS JUNCTION,YOOGANE|TEL: +65 6337 7337|GST REG NO. 201330636Z,188021,
,L0662480829,,200 VICTORIA STREET|BUGIS JUNCTION,DOLCE TOKYO|TEL: 6336 4808|GST REG NO. 200606534M,188021,200606534W
,L0707830286,,SEMBAWANG SHOPPING CENTRE,FOOD JUNCTION|STALL #04,,
,L15029010470,THE ATRIUM@ORCHARD - TSUKADA NOJO,THE ATRIUM LEVEL,TSUKADA NOJO|TEL:6336 5003|GST REG:201216307G,238891,201216307g
,L15088490506,,PLAZA SINGAPURA|THE ATRIUM@ORCHARD|68 ORCHARD RD,AKIMITSU|JAPAN FOODS ENTERPRISES,238839,M90370629T
,L1600210159,,BUKIT PANJANG PLAZA|1 JELEBU ROAD,THE BODY SHOP|IS OUR SOURCE|THEBODYSHOP,677743,M20119094X
,L1600760153,,BUKIT PANJANG PLAZA,BENGAWAN SOLO|TEL: 6767 3011,,M201008174
,L1600770144,,BUKIT PANJANG PLAZA|1 JELEBU ROAD,EUYANSANG|EU YAN SANG|(65)67674491|(65)67674493,677743,M200024621
,L1601930060,BUKIT PANJANG PLAZA - BATA,BUKIT PANJANG PLAZA,BATA|CUSTOMERSERVICE.SG@BATA.COM|PHONE # 67658592|GST REG. NO. M2-0000037-4,,m200000374
,L16021290281,BUKIT PANJANG PLAZA - SUKI-YA,BUKIT PANJANG PLAZA|1 JELEBU ROAD,SUKI-YA|SUKI-YA HOLDINGS|TEL658815|ROC NO: 199906748N|GST REG NO. 199906748N,,199906748n
,L16023220340,,BUKIT PANJANG PLAZA|1 JELEBU ROAD,JAPAN HOME,677743,201127632E
,L16098020225,,BUKIT PANJANG PLAZA|1 JELEBU ROAD,AH MAH HOMEMADE|EGG SPONGE CAKE,677743,
,L1800060438,,LOT 1|LOT ONE|21 CHOA CHU KANG,DELIFRANCE|198902330E,689812,mr85003130
,L1800210048,,LOT 1|LOT ONE|21 CHOA CHU KANG,THE BODY SHOP|IS OUR SOURCE|THEBODYSHOP,689812,M20119094X
,L1800450421,,LOT 1|LOT ONE|21 CHOA CHU KANG,BOSSINI|BOSSINI ENTERPRISES,689812,m200747887
,L1800770233,,LOT 1|LOT ONE|21 CHOA CHU KANG,EUYANSANG|EU YAN SANG|TEL: (65)67642824|FAX: (65)67643614|WWW.EUYANSANG.COM.SG,689812,M200024621
,L1802240114,LOT ONE - SASA,LOT ONE|LOT 1|21 CHOA CHU KANG AVE 4,SA SA|SA SA COSMETIC [L1]|TEL:6892 9980|GST REG. NO. 19-9701568-C,,199701568C
,L1817690494,,LOT ONE,MOF @::MOF|TEL:64660312,,200606534M
,L1823220294,,LOT 1|LOT ONE|21 CHOA CHU KANG,JAPAN HOME,689812,201127632E
,L2121710096,BUGIS+ - ASTONS,BUGIS PLUS|BUGIS+|201 VICTORIA STREET,ASTONS|TEL: 6334 7072|GST REG. NO. : 200719983N,188067,200719983N
,L2124470336,BUGIS+ - SEPHORA,BUGIS+|201 VICTORIA STREET|188067,SEPHORA|#02-06/07/08/09|TEL: 63419386|63419623|GST REG NO: 200822866N,188067,200822866n
,L22023220347,,THE STAR VISTA|1 VISTA EXCHANGE GREEN,JAPAN HOME,138617,201127632E
,L22023300356,,VISTA EXCHANGE GREEN|THE STAR VISTA,A-ONE|CLAYPOT HOUSE|TEL: 6734 6567|GST REG NO. 200813285Z,138617,200813285z
,L22032990414,,STAR VISTA|1 VISTA EXCHANGE GREEN,CEDELE|CEDELEGROUP|FAX: 6734 1793|WWW.CEDELEGROUP.COM|GST REG NO. 19-9702636-M,138617,199702636m
,L22065840482,THE STAR VISTA - THE SEAFOOD MARKET PLACE BY SONG FISH,THE STAR VISTA|1 VISTA EXCHANGE GREEN,SONG FISH DEALER|THE SEEFOOD MARKET PLACE BY SONG FISH|CO.REG : 198703967R|GST REG : M2-0078980-6,138167,M200789806
,L22071100573,,STAR VISTA|1 VISTA EXCHANGE GREEN,SAIZERIYA|6734 2580|COMPANY REG. NO. 200818603R,138617,200818603R
,L22081100570,THE STAR VISTA - OMOOMODON,THE STAR VISTA|1 VISTA EXCHANGE GREEN,OMOOMO|OMOOMODON|GST REGISTRATION NO.: 201611668K|MID: 000000020226301,138617,201611668K
,L2400210115,BEDOK MALL - THE BODY SHOP,BEDOK|BEDOK MALL|311 NEW UPPER,THE BODY SHOP|IS OUR SOURCE|THEBODYSHOP|TELEPHONE: 67810673|BIZ REG NO: 199307427H|GST REG NO: M20119094X|THEBODYSHOP.COM/FEEDBACK,467360,M20119094X
,L2400280050,,BEDOK MALL,LIVE WELL|GNC LIVE WELL|GNC VIP,,M200106977R
,L2400770004,,BEDOK|BEDOK MALL|311 NEW UPPER CHANGI ROAD,EUYANSANG|EU YAN SANG|TEL: (65)68449803|FAX: (65)68449804|GST REG. NO.: M2-0002462-1,467360,M200024621
,L2401190029,,BEDOK MALL|311 NEW UPPER,HOCKHUA TONIC|53248626W,467360,200416653m
,L2401930021,,BEDOK MALL|311 NEW UPPER,FEEDBACK.BATA.COM.SG|BATA,,m200000374
,L2402240197,,BEDOK MALL|311 NEW UPPER,SA SA COSMETIC|68449690 FAX:68449691,467360,
,L24023300483,BEDOK MALL - A-ONE CLAYPOT HOUSE,BEDOK MALL|311 NEW UPPER CHANGI ROAD,A-ONE|CLAYPOT HOUSE|TEL: 6584 0828|GST REG NO. 200813285Z,467360,200813285Z
,L2405720096,,NEW UPPER CHANGI|BEDOK MALL,PEPPER LUNCH|TEL 6844-9384|#01-05/06/07/08,,200408968W
,L24060970395,,BEDOK|BEDOK MALL|311 NEW UPPER CHANGI ROAD,INNISFREE|NATURAL BENEFITS FROM JELU|TEL NO: 6385 9400|CO./GST NO: 200107846H|WWW.FACEBOOK.COM/INNISFREESINGAPORE,467360,200107846H
,L24076600279,,BEDOK MALL|311 NEW UPPER|BEDOK,MINISO|MINISO.COM|MINISO SG|4509757405329,,201534263z
,L24087480424,BEDOK MALL - STREATS,BEDOK|BEDOK MALL|311 NEW CHANGI ROAD,STREATS CF|TEL: 6702 3603|WEBSITE: WWW.STREATSCAFE.COM.SG|GST REG. NO. : M289220330,467360,M2892220330
,L2411580028,BEDOK MALL - DIAN XIAO ER,BEDOK MALL|311 NEW UPPER CHANGI ROAD,DIAN XIAO ER|GST REG NO: 20-0207476-M,467360,200207476M
,L2417650135,,311 NEW UPPER CHANGI ROAD|BEDOK MALL,SHENG KEE|GST REG NO: 201002443W|HKBKM.MFB.AC,467360,201002443w
,L2423220152,,BEDOK|BEDOK MALL|311 NEW UPPER CHANGI ROAD,JAPAN HOME|JAPAN HOME (RETAIL)|TEL: 68449600|GST REG NO.: 201127632E,467360,201127632E
,L2431090214,,BEDOK,OWNDAYS|#01-60/61,,201308429G
,L25076600690,,WESTGATE MALL,MINISO|MINISO.COM|MINISO SG|GST REGISTRATION NO:201534263Z,,201534263Z
,L25082270584,,3 GATEWAY DRIVE|WESTGATE,ABURI SUSHI|HEISHIRO,,
,L2511300426,,WESTGATE #02-10|GATEWAY DR,TEL:6369 9345 FAX:|ONLINE@BEGA,608532,199403730G
,L2511490312,,WESTGATE,UNITY|UNITY BY FAIRPRICE|TEL:64659161,668532,M40046780
,L2529010343,,WEST GATE|3 GATEWAY DRIVE,TSUKADA NOJO|GST REG:201216307G,608532,201216307G
,L2531440098,WESTGATE - ROYCE',WESTGATE|3 GATEWAY DRIVE,ROYCE|ROYCE CONFECT INTER|GST REG. NO. : 20-0005529R|WWW.ROYCE.COM.SG,608532,200005529r
,L2531880274,,WESTGATE|3 GATEWAY DRIVE,MIAM MIAM|MIAM MIAM SING|GST REG NO 201315935W|POWER BY REVEL SYSTEMS,608532,201315935W
,L2561240094,,3 GATEWAY DRIVE|WESTGATE,CURRY TIMES|GST REG. NO. :M2-0079209-2|WWW.CURRYTIMES.COM.SG,608532,m200792092
,L57112470669,,RAFFLES CITY|252 NORTH BRIDGE ROAD,PU TIEN|6336 2184|200001660-W,179103,200001660W
,L57128370091,RAFFLES CITY SINGAPORE - RIVERSIDE GRILLED FISH,RAFFLES CITY|252 NORTH BRIDGE ROAD,RIVERSIDE GRILLED FISH|TEL: 6352 2035|GST REG NO : 201220758Z,179103,201220758z
,L57131690620,,RAFFLES CITY|252 NORTH BRIDGE ROAD,HYANGTOGOL|GST REG NO: 2006009216|TEL: 6336 4745|WWW.HYANGTOGOL.COM,,2006009216
,L57135040691,RAFFLES CITY SINGAPORE - TREASURES YI DIAN XIN,RAFFLES CITY|252 NORTH BRIDGE ROAD,TREASURES|YI DIAN XIN|IMPERIAL TREASURE|TEL: 6262 1662|FAX: 6262 1656|GST REGISTRATION: M9-0010008-Y,179103,m90010008Y
,L5750400366,RAFFLES CITY SINGAPORE - CEDELE,RAFFLES CITY|2 STAMFORD ROAD,CEDELE|TEL: 63344828|FAX: 63344335|WWW.CEDELEGROUP.COM|GST REG NO. 19-9702636-M,178882,199702636m
,L5751690243,,RAFFLES CITY,THE BODY SHOP|IS OUR SOURCE|THEBODYSHOP,179103,M20119094X
,L57RCS02,RAFFLES CITY SINGAPORE - MARKS & SPENCER,RAFFLES CITY|252 NORTH BRIDGE RD|RAFFLES,MARKS & SPENCER|BACCARAT|WWW.TELLMANDSSG.COM,179103,MR85001447
219,L16065730284,BUKIT PANJANG PLAZA - EIGHTEEN CHEFS,BUKIT PANJANG PLAZA|1 JELEBU ROAD,EIGHTEEN CHEFS|TEL:6767 0557|GST REG NO :200703692R,67743,200703692R
220,L16000010032,BUKIT PANJANG PLAZA - AJISEN RAMEN,BUKIT PANJANG PLAZA|1 JELEBU ROAD,AJISEN RAMEN|GST REG: M90370629T|TEL: 6465 0735,677743,M90370629T
221,L1800090479,LOT ONE - PASTAMANIA,LOT ONE|21 CHOA CHU KANG AVE 4,PASTAMANIA|TEL: 6765 2213|CO./GST REG. NO.: 20-0108110-Z|FAX: 6765 2308|WWW.PASTAMANIA.COM.SG,689812,200108110Z
223,L0530031296,IMM BUILDING - SEOUL GARDEN HOTPOT,IMM BUILDING|2 JURONG EAST,SEOUL GARDEN HOTPOT|TEL:65668339,,M90001079Y
227,L25082140753,WESTGATE - ADRIFT ANAPAUO MASSAGE & SPA,WESTGATE|3 GATEWAY DRIVE,ADRIFT|ADRIFT ANAPAUO|ADRIFT ANAPAUO MASSAGE & SPA|TEL:88224567|WWW.AA-SPA.SG,608532,
232,L2408940132,BEDOK MALL - KIDDY PALACE,BEDOK MALL,KIDDY PALACE|TEL:68449355,,199201408M
233,L09080591064,JCUBE - SHI LI FANG,JCUBE|2 JURONG EAST CENTRAL 1,3 SHI LI FANG|FAMOUS FOOD CUBE|#02-08A|GST REG NO:201332719N,609731,201332719N
234,L25084120688,WESTGATE - MENYA MUSASHI KODOU,WESTGATE|3 GATEWAY DRIVE,MENYA MUSASHI KODOU|TEL:64659381,608532,M90370629T
238,L1800280485,LOT ONE - GNC LIVE WELL,LOT ONE|LOT 1,GNC LIVE WELL|ONI GLOBAL|OSIM INTER|RCB/GST #200106977R,,200106977R
239,L0200280025,JUNCTION 8 - GNC LIVE WELL,JUNCTION 8,GNC LIVE WELL|ONI GLOBAL|OSIM INTER|RCB/GST #200106977R,,200106977R
240,L0631880788,BUGIS JUNCTION - MIAM MIAM,BUGIS JUNCTION|200 VICTORIA STREET,MIAM M AM|GST REG NO 201315935W|POWER BY REVEL SYSTEMS,188021,201315935W
145,L1521450298,THE ATRIUM@ORCHARD - NANA'S GREEN TEA,PLAZA SINGAPURA|THE ATRIUM@ORCHARD|60B ORCHARD ROAD,NANA'S GREEN TEA|TEL: 6684 4312|GST REG. NO. : 201000940E,238891,201000940E
244,L57RCSFM01,RAFFLES CITY SINGAPORE - PREGO,RAFFLES CITY|SINGAPORE 178882,PREGO|FAIRMONT|GSTREGNO:M2-0089636-0|REG NO. 53087342X,178882,M200896360
245,L09076690941,JCUBE - THE GOOD TRIO,JCUBE|2 JURONG EAST CENTRAL 1,THE GOOD TRIO|SAN REN XING|TEL:66941897,,201536433D
247,L2220880374,THE STAR VISTA - WATAMI JAPANESE CASUAL RESTAURANT,THE STAR VISTA|1 VISTA EXCHANGE GREEN,WATAMI JAPANESE CASUAL|TEL3643,138617,200821208R
252,L06086060928,BUGIS JUNCTION - CRYSTAL JADE LA MIAN XIAO LONG BAO,BUGIS JUNCTION|230 VICTORIA ST,CRYSTAL JADE|CRYSTAL JADE LA MIAN XIAO LONG BAO|TEL:63396902|MIAN XLB,188024,M289234888
253,L15062990439,THE ATRIUM@ORCHARD - NAMNAM NOODLE BAR,PLAZA SINGAPURA|68 ORCHARD ROAD,NAM NAM NOODLE BAR|TEL:68372252|WWW.NAMNAMNOODLEBAR.COM.SG,238839,201116280N
254,L15087410505,THE ATRIUM@ORCHARD - DEN AJISEN,PLAZA SINGAPURA|THE ATRIUM@ORCHARD|68 ORCHARD ROAD,DEN AJISEN|TEL:62662581,238839,M20370629T
255,L1560970557,THE ATRIUM@ORCHARD - INNISFREE,PLAZA SINGAPURA|THE ATRIUM@ORCHARD|68 ORCHARD ROAD,INNISFREE|NATURAL BENEFITS FROM JELU|#01-63/64|TEL:63363179,238839,200107846H
257,L16066980188,BUKIT PANJANG PLAZA - TONKOTSU KAZAN RAMEN,BUKIT PANJANG PLAZA|1 JELEBU ROAD,TONKOTSU KAZAN RAMEN|#01-64 65,677743,201130958D
261,L2226790258,THE STAR VISTA - MORGANFIELD'S,THE STAR VISTA|1 VISTA EXCHANGE GREEN,MORGANFIELD'S|GST REG NO.201210937N|WWW.MORGANFIELDS.COM.SG|FB.COM/MORGANFIELDSSINGAPORE,138617,201210937N
262,L0962300412,JCUBE - OPPA KOREAN GRILL BBQ,JCUBE|2 JURONG EAST CENTRAL|,OPPA KOREAN GRILL BBQ|KOREAN FOOD UNITED|TEL:63395841,609731,201402040C
263,L57088340600,RAFFLES CITY SINGAPORE - THE SOUP SPOON UNION,RAFFLES CITY,THE SOUP SPOON UNION|TEL:63343220|WWW.THESOUPSPOON.COM|BASEMENT 1 UNIT 61/62,,199200297K
265,L0611750034,BUGIS JUNCTION - IORA,BUGIS JUNCTION|200 VICTORIA STREET,IORA|TEL:+6563389363,,199703089W
266,L21064230417,BUGIS+ - YAYOI,BUGIS+|201 VICTORIA STREET|SINGAPORE 188067,YAYOI|YAYOIKEN|TEL:66365448,188067,201104609W
267,L05065182466,IMM BUILDING - CHARLES & KEITH OUTLET,IMM BUILDING|2 JURONG EAST STREET|IMM|609601,CHARLES & KEITH OUTLET|PHONE NO:+65639020|CUSTOMER@CHARLESKEITH.COM|CUSTOMER SERVICE NUMBER: +(65) 6488 2688,609601,200802300D
268,L0231650402,JUNCTION 8 - THEFACESHOP,BUGIS JUNCTION,TFS|THEFACESHOP|TEL:63340797,188021,200411534C
271,L57086070343,RAFFLES CITY SINGAPORE - NESPRESSO,RAFFLES CITY|252 NORTH BRIDGE ROAD,NESPRESSO|NESTLE SING|WWW.NESPRESSO.COM,179103,M200081803
273,L02071350024,,JUNCTION 8|9 BISHAN PLACE,UNITY|UNITY BY FAIRPRICE|6262 5302,579837,M400045780
277,L2531210078,,WESTGATE|3 GATEWAY DRIVE,TONKATSU BISTRO BY MA MAISON,608532,201314391G
278,L1524470219,,PLAZA SINGAPURA|THE ATRIUM@ORCHARD|60B ORCHARD ROAD,SEPHORA|TEL:62386690,238891,200822866N
284,L05063412340,,IMM BUILDING|2 JURONG EAST STREET,POT LUCK|TEL:68996636|FAX:68996676,609601,M90344326G
286,L2502240318,,WESTGATE|3 GATEWAY DRIVE,SA SA COSMETIC [WG]|TEL:64659143|FAX:64659144,608532,199701568C
290,L1800760016,,LOT 1|LOT ONE|CHOA CHU KANG,BENGAWAN SOLO|TEL:6767 1096|GST REG. NO. M2-0100817-4|CO. REG NO. 199102507H,,M201008174
291,L5754100612,,RAFFLES CITY|252 NORTH BRIDGE ROAD,OSAKA OHSHO|TEL:63385584,179103,M90370629T
292,L0300090149,TAMPINES MALL - PASTAMANIA,TAMPINES MALL|4 TAMPINES CENTRAL 5,PASTAMANIA|CO./GST REG. NO. : 20-0108110-Z|TEL: 6784 1625|FAX: 6784 3126|WWW.PASTAMANIA.COM.SG,529510,200108110Z
295,L1800080475,LOT ONE - MCDONALD'S,LOT ONE|LOT 1|21 CHOA CHU KANG AVENUE 4,MCDONALD'S|HANBAOBAO|TEL:67635908|TEL: 6763 5908|GST RSGN NO: M2-0023981-4|MID: 111883567000,689812,M200239814
296,L0300200050,TAMPINES MALL - CHARLES & KEITH,TAMPINES MALL|4 TAMPINES CENTRAL 5,CHARLES & KEITH,,
300,L02026580190, JUNCTION 8 - CHALLENGER MINI,JUNCTION 8|9 BISHAN PLACE,CHALLENGER TECHNOLOGIES|#04-03A,579837,M200632303
301,L1815160525,,LOT ONE|LOT 1|21 CHOA CHU KANG AVENUE 4,NANDO'S|UNIT #01-06|TEL:62199920|FAX:62199972|E-MAIL:PERI-PERI@NANDOS.COM.SG,689812,200208738D
303,L1810280079,,LOT ONE|LOT 1|211 CHOA CHU KANG AVENUE 4,SIAM KITCHEN|TEL:67664766|EMAIL:MAIL@CREATERIES.COM.SG,689812,199802820G
304,L5753800387,,RAFFLES CITY,BUFFET TOWN|#B1-44E|TEL:68373793,,2003043395G
305,L5754030610,,RAFFLES CITY|252 NORTH BRIDGE ROAD,TIONG BAHRU|TIONG BAHRU BAKERY|TEL:(65)63334160,179103,201133471H
307,L1521290526,,PLAZA SINGAPURA|THE ATRIUM@ORCHARD|68 ORCHARD ROAD,SUKI-YA HOLDINGS|#04-63/67|TEL:68845423,238839,199906748N
309,L25013370530,,WESTGATE|WEST GATE,TIMEZONE|M90010613J,,M90010613J
310,L04082460697,,PLAZA SINGAPURA|68 ORCHARD ROAD,INOHA MART|*B2-17/18|TEL:(+65)62653139|GSTREG.NO:201619782R,,201619782R
313,L0501911297,,IMM BUILDING,ESPRIT OUTLET|I20 OUTLET|TEL:65675207,,M200698924
314,L0202310144,,JUNCTION 8|9 BISHAN PLACE,G2000|PHONE NO.:63563601|G2000 APPAREL (S),579837,M200971221
315,L05089422759,,IMM BUILDING|2 JURONG EAST STREET,UNDER ARMOUR OUTLET|UA SPORTS (S.E.A)|TEL:68731680,609601,201331463M
316,L1814390464,,LOT ONE|21 CHOE CHU KANG AVE 4,COTTON ON|TELEPHONE:001165676270,,200616872D
318,L05066912261,,IMM BUILDING,OWNDAYS OUTLET|#01-11/12,,201308429G
323,L1800170049,,LOT ONE|LOT 1,GIORDANO|GIORDANO ORIGINALS|SHOP:SGS64|TEL:65137278|HTTP://WWW.GIORDANO.COM,,M200435630
324,L2226620143,,THE STAR VISTA|1 VISTA EXCHANGE GREEN,CENTRAL HK|CENTRAL HONG KONG|TEL:62689628,138617,200713409G
325,L0601110476,,BUGIS JUNCTION|200 VICTORIA STREET,HONGUO|TEL:68844717|WEBSITE:WWW.HONGUO.COM.SG/,188021,M2892220330
328,L0527931220,,IMM BUILDING|2 JURONG EAST STREET,COLD WEAR|TEL:(65)65693515,609301,200617519R
331,L0314280131,,TAMPINES MALL|4 TAMPINES CENTRAL,TONKICHI|TEL:(65)67891726|FAX:(65)67893906,529510,M201011817
335,L0203020184,,JUNCTION 8|9 BISHAN PLACE,MFM|THE MANHATTAN FISH MARKET|TEL/FAX:63524034,579837,200502699H
336,L2224430238,THE STAR VISTA - COCO ICHIBANYA,THE STAR VISTA|1 VISTA EXCHANGE GREEN,COCO ICHIBANYA|TEL:63419978,138617,201009695G
338,L0562082329,IMM BUILDING - PUMA OUTLET,IMM BUILDING|2 JURONG EAST STREET 21,PUMA - IM|UNIT 01-22|TEL-65630515,609607,2007033999R
339,L0505290043,IMM BUILDING - FRAGRANCE,IMM BUILDING|2 JURONG EAST ST 21,FRAGRANCE FOODSTUFF|TEL:65657612,,M200925092
341,L57076900755,RAFFLES CITY SINGAPORE - COCO ICHIBANYA,RAFFLES CITY|252 NORTH BRIDGE ROAD,ICHIBANYA|COCO ICHIBANYA|TEL:62514808,179103,201009695G
342,L07079420376,SEMBAWANG SHOPPING CENTRE - AJISEN RAMEN AND NEW MAN LEE BAK KUT TEH,SEMBAWANG SHOPPING CENTRE|604 SEMBAWANG ROAD,JAPAN FOODS ENTERPRISES|#02-29/30|TEL:64810749,758459,M90370629T
344,L1617850113,BUKIT PANJANG PLAZA - MIND STRETCHER LEARNING CENTRE,BUKIT PANJANG PLAZA|1 JELEBU ROAD,MIND STRETCHER LEARNING,677743,201017990C
345,L0300760013,TAMPINES MALL - BENGAWAN SOLO,TAMPINES MALL,BENGAWAN SOLO|TEL:67882811,,M201008174
349,L2128430428,BUGIS+ - SEOULYUMMY KOREAN CASUAL DINING,BUGIS+|201 VICTORIA STREET,SEOUL YUMMY|GRATIFY GROUP PTE LTD|WWW.SEOULJUMMY.COM|TEL:6509 6900|GST NO. 200401969N,188067,200401969N
343,L0200760266,JUNCTION 8 - BENGAWAN SOLO,BUGIS JUNCTION|200 VICTORIA ST,BENGAWAN SOLO|TEL:62382908,,M201008174
352,L2400250227,BEDOK MALL - PET LOVERS CENTRE,BEDOK MALL| BEDOK MALL BRANCH|BEDOK,PET LOVERS CENTRE|TEL:1800-PETFOOD|GST REG : M2-0032541-9|WWW.PETLOVERSCENTRE.COM,,M200325419
350,L06078390917,BUGIS JUNCTION - LENU CHEF WAI'S NOODLE BAR,BUGIS JUNCTION|200 VICTORIA STREET,LE NU BUGIS|LENU CHEF WAI'S NOODLE BAR|TEL: 6336 7965|FAX: 6336 0685,188021,201023944N
356,L0200090090,JUNCTION 8 - PASTAMANIA,JUNCTION 8|9 BISHAN PLACE|BISHAN,PASTAMANIA|TEL:6339 6635|FAX: 6339 0608|CO./GST REG. NO.: 20-0108110Z,188021,200108110Z
359,L07065840281,SEMBAWANG SHOPPING CENTRE - THE SEAFOOD MARKET PLACE BY SONG FISH,SEMBAWANG SHOPPING CENTRE|604 SEMBAWANG ROAD,SONG FISH DEALER|THE SEAFOOD MARKET PLACE BY SONG FISH|CO.REG: 198703967R,758459,M200789806
361,L03022860354,TAMPINES MALL - LANEIGE,TAMPINES MALL|4 TAMPINES CENTRAL 5,LANEIGE|TEL: 67836269|GST NO: 200107846H,529510,200107846H
363,L1602250207,BUKIT PANJANG PLAZA - KFC,BUKIT PANJANG PLAZA|BUKIT,KFC|KENTUCKY FRIED CHICKEN MGMT|WWW.KFCGUESTFEEDBACK.COM.SG|CO. REG. NO.: 198600837K,,M200726952
365,L0200120155,JUNCTION 8 - ROYAL SPORTING HOUSE,JUNCTION 8,RSH (SING)|CO. REG 199409417-M|TEL. NO. 6256-2989,,199409417M
367,L0300490147,TAMPINES MALL - GOLDEN VILLAGE,TAMPINES MALL,GOLDEN VILLAGE|GV TAMP,,M200915038
372,L0415160513,PLAZA SINGAPURA - NANDO'S,PLAZA SINGAPURA|68 ORCHARD ROAD,NANDO'S|NANDO'S PLAZA SG|TEL: 02-63372555|FAX:02-63373282|EMAIL: PERI-PERI@NANDOS.COM.SG,238839,200208738D
374,L2215160147,THE STAR VISTA - NANDO'S,THE STAR VISTA|1 VISTA EXCHANGE GREEN,NANDO'S|UNIT #B1-09|FAX:6694 1874|EMAIL: PERI-PERI@NANDOS.COM.SG,138617,200208738D
375,L15075090575,THE ATRIUM@ORCHARD - KAI SUSHI & RABATAYAKI,PLAZA SINGAPURA|THE ATRIUM@ORCHARD|68 ORCHARD ROAD,KAI SUSHI & ROBATAYAKI|TEL: 6336 1480|GST REG NO. 200613899R,169347,200613899R
376,L06065730701,BUGIS JUNCTION - EIGHTEEN CHEFS,BUGIS JUNCTION|200 VICTORIA STREET,EIGHTEEN CHEFS|TEL: 6734 9741|GST REG NO :200703692R,188021,200703692R
377,L2428770012,BEDOK MALL - RAMENPLAY,BEDOK MALL|311 NEW UPPER CHANGI RD,RAMENPLAY|TEL. +65 6844 9441|GST NO.:200909421M,467360,200909421M
378,L57078560601,RAFFLES CITY SINGAPORE - POULET,RAFFLES CITY|252 NORTH BRIDGE ROAD,POULET|#B1-65/66|TEL: 6336-3119|FAX: 6336-1176,179103,200304429R
379,L2532000184,WESTGATE - PHO STREET,WESTGATE|3 GATEWAY DRIVE,PHO STREET|#B2-K6/K7|TEL: 6465 9925|GST REG: 20135899D,608532,20135899D
381,L02087290441,JUNCTION 8 - CHATERAISE,JUNCTION 8|9 BISHAN PLACE,CHATERAISE|TEL:6734 4355,579837,
382,L57133870764,RAFFLES CITY SINGAPORE - THE COFFEE ACADEMICS,RAFFLES CITY|252 NORTH BRIDGE ROAD,THE COFFEE ACADEMICS|PURVEYOR AND ROASTER OF SPECIALTY COFFEE EST|GST:201537245E,179103,201537245E
373,L0300120371,TAMPINES MALL - ROYAL SPORTING HOUSE,TAMPINES MALL,RSH SING|ROYAL SPORTING HOUSE|CO.REG 199409417M|TEL. NO. 6787-8102,,199409417M
383,L25000650504,WESTGATE - FISH & CO,WESTGATE|3 GATEWAY DRIVE,FISH & CO|TEL: 6266 4235|GST REG NO : 1998-02488M,608532,199802488M
384,L2226200146,THE STAR VISTA - MENYA MUSASHI,THE STAR VISTA|1 VISTA EXCHANGE GREEN,MENYA MUSASHI|GST REG: M90370629T,138617,M90370629T
385,L04026690640,PLAZA SINGAPURA - PAPPARICH,PLAZA SINGAPURA|68 ORCHARD ROAD,PAPPARICH|TEL: 6735 9323|GST REG NO: 201400763H,238839,201400763H
387,L1801930411,LOT ONE - BATA,LOT 1|LOT ONE,BATA|CUSTOMERSERVICE.SG@BATA.COM|PHONE # 67629536|GST REG. NO. M2-00000374,,M200000374
388,L25030470605,WESTGATE - GREENDOT,WESTGATE,GREEN DOT GDAWG|GST NO. 201600344D,608532,201600344D
389,L0403020255,PLAZA SINGAPURA - THE MANHATTAN FISH MARKET,PLAZA SINGAPURA|68 ORCHARD ROAD,MFM|THE MANHATTAN FISH MARKET|TEL/FAX: 6835 9300|GST REG: 20-0502699H,238839,200502699H
391,L57054540378,RAFFLES CITY SINGAPORE - GNC LIVE WELL,RAFFLES CITY,GNC LIVE WELL|ONI GLOBAL|OSIM INTER|RCB/GST #200106977R,,200106977R
392,L04084460610,PLAZA SINGAPURA - PATBINGSOO,PLAZA SINGAPURA|68 ORCHARD ROAD,PATBINGSOO|GST REG / ROC NO: 201620885N|TEL: 9181 3038,238839,201620885N
394,L1522860467,THE ATRIUM@ORCHARD - LANEIGE,PLAZA SINGAPURA|THE ATRIUM@ORCHARD|68 ORCHARD ROAD,LANEIGE|GST NO : 200107846H,238839,200107846H
396,L06031640838,BUGIS JUNCTION - PARIS BAGUETTE CAFE,BUGIS JUNCTION|200 VICTORIA STREET,PARIS BAGUETTE|GST REGISTRATION NUMBER : 2011-08952N,,201108952N
398,L0639180462,BUGIS JUNCTION - MENYA MUSASHI TAKATORA,BUGIS JUNCTION|200 VICTORIA STREET,MENYA MUSASHI TAKATORA|GST NO: 199707251G|TEL: 6884 6454,188024,199707251G
399,L57128980743,RAFFLES CITY SINGAPORE - NBC STATIONERY & GIFTS,RAFFLES CITY|252 NORTH BRIDGE ROAD,NBC|STATIONERY & GIFTS|#03-10/11/12|TEL: 6336 7466|FAX : 6336 4616|CO.REG.NO : 198304042G|WWW.NBCSTATIONERYANGGIFTS.COM,179103,M200623908
402,L0528532045,IMM BUILDING - TIMBERLAND OUTLET,IMM BUILDING|IMM,TIMBERLAND OUTLET|TEL:6569-6027,609601,199804569E
403,L25067790604,WESTGATE - MA KUANG TCM MEDICAL CENTRE,WESTGATE|3 GATEWAY DRIVE,MA KUANG TCM MEDICAL|WEBSITE:WWW.MAKUANG.COM.SG|HOTLINE: 1800-336-5855,608532,199901693G
404,L22065730467,THE STAR VISTA - EIGHTEEN CHEFS,THE STAR VISTA|1 VISTA EXCHANGE GREEN,EIGHTEEN CHEFS|TEL:6694 5975|GST REG NO :200703692R,138617,200703692R
406,L04071350460,PLAZA SINGAPURA - UNITY PHARMACY,PLAZA SINGAPURA|68 ORCHARD ROAD,UNITY PHARMACY|TEL: 6238 0230|UEN NO: S83CS0191L,238839,M400045780
407,L0621720363,BUGIS JUNCTION - KAZOKUTEI,BUGIS JUNCTION,KAZOKUTEI|GST REG: M90370629T|TEL/FAX: 6338 0187,,M90370629T
409,L0403500337,PLAZA SINGAPURA - HOT TOMATO EXPRESS,PLAZA SINGAPURA|68 ORCHARD ROAD,FIN JONE RESTAURANT & BAR|HOT TOMATO|TEL: 6341-9162|FAX: 6341-9163|GST REG NO:M200834470,238839,M200834470
414,L04065800628,PLAZA SINGAPURA - YAMAHA MUSIC SQUARE/MUSIC SCHOOL,PLAZA SINGAPURA|68 ORCHARD ROAD,YAMAHA MUSIC (ASIA)|TEL: 67409841/856/868|CO. REG. NO.:196600213D,238839,M200076826
417,L0527591988,IMM BUILDING - BATA OUTLET,IMM BUILDING,BATA|CUSTOMERSERVICE.SG@BATA.COM|PHONE # 6513 4270|GST REG. NO. M2-0000037-4,,M200000374
418,L1800120070,LOT ONE - ROYAL SPORTING HOUSE,LOT ONE|LOT 1,RSH SING|ROYAL SPORTING HOUSE|CO.REG 199409417M|TEL. NO. 6763-6260,,199409417M
421,L2538160342,WESTGATE - TEMT,WESTGATE|2 JURONG EAST,TEMT|ST-WCT,600135,
422,L57054370147,RAFFLES CITY SINGAPORE - SZECHUAN KITCHEN,RAFFLES CITY|178882,FAIRMONT|FAIRMONT SINGAPORE SZECHUAN COURT|SZECHUAN KITCHEN|GSTREGNO:M2-0089636-0|354851 QIU HUI,178882,M200896360
423,L04073580663,PLAZA SINGAPURA - LOKKEE / LAO BEIJING,PLAZA SINGAPURA|68 ORCHARD ROAD,DRAGON CHAM|TEL:6738-7207|REG #:200006691H|GST REG#:M9-0005581-L,238839,M9005581L
427,L1602100217,BUKIT PANJANG PLAZA - BEAUTY LANGUAGE,BUKIT PANJANG PLAZA|1 JELEBU RD|677743|BUKIT,BEAUTY LANGUAGE|WWW.BEAUTYLANGUAGE.COM,677743,201103695M
433,L2124020323,BUGIS+ - BONCHON CHICKEN,BUGIS+|201 VICTORIA STREET,BONCHON|TEL: 6884 4768|GST NO : 201129708Z,188067,201129708Z
434,L03065800219,TAMPINES MALL - YAMAHA MUSIC SQUARE/MUSIC SCHOOL,TAMPINES MALL|4 TAMPINES CENTRAL 5,YAMAHA MUSIC (ASIA)|#04-K1/13/14/15/16|PHONE 67409871/67409877|CO. REG. NO.: 196600213D,529510,M200076826
436,L0924670275,JCUBE - THE RINK,JCUBE|2 JURONG EAST CENTRAL 1,THE RINK|SINGAPORE SPORTS COUNCIL|TEL NO : 66842374|GST REG NO:M88200067,609731,M88200067
439,L0400100363,PLAZA SINGAPURA - PIZZA HUT,PLAZA SINGAPURA,PIZZA HUT|GST REG NO:M2-0114109-5|TEL: 6334 3757|WWW.PIZZAHUTGUESTSURVEY.COM.SG,,M201141095
440,L0529112082,IMM BUILDING - COTTON ON KIDS OUTLET,IMM BUILDING|2 JURONG EAST STREET 21,COTTON ON KIDS|KIDS IMM (OUTLET)|SHOP NO1-33|TELEPHONE: +65 6569 7204|WWW.COTTONONKIDS.COM,,200616872D
441,L2403670087,BEDOK MALL - COTTON ON,BEDOK MALL,COTTON:ON|COTTON ON SING|SHOP B1-71/72|TELEPHONE: +65 68449377|GST NUMBER: 200616872D,,200616872D
442,L02015160324,JUNCTION 8 - NANDO'S,JUNCTION 8|9 BISHAN PLACE,NANDO|NANDO'S CHICKENLAND SING|GST REG NO:200208738 D|TEL:63975889|EMAIL: PERI-PERI@NANDOS.COM.SG,579837,200208738D
443,L05070132597,IMM BUILDING - HOME-FIX OUTLET,IMM|IMM BUILDING,HOMESTYLE|ZOI PTE|CO REG NO 196700386D|GST NO: M2-0008485-3,,M200084853
445,L57055810351,RAFFLES CITY SINGAPORE - CHALLENGER,RAFFLES CITY|252 NORTH BRIDGE ROAD,CHALLENGER|CHALLENGER TECHNOLOGIES|ROC NO.:198400182K|GST NO.:M2-0063230-3,179103,M200632303
446,L0528502046,IMM BUILDING - GIORDANO OUTLET,IMM BUILDING|IMM MALL|IMM,GIORDANO ORIGINALS|CO. REGN NO : 198103792H|GST REGN NO: M2-0043563-0|TELEPHONE : 65137165,,M200435630
448,L57131630759,RAFFLES CITY SINGAPORE - MENYA MUSASHI KAFU,RAFFLES CITY|252 NORTH BRIDGE ROAD,MENYA MUSASHI|TEL: 6254 9713,179103,M90370629T
413,L57130960758,RAFFLES CITY SINGAPORE -  YA HUA BAK KUT TEH,RAFFLES CITY|252 NORTH BRIDGE ROAD,YA HUA BAK KUT TEH|TEL: 6254 7066|GST REG NO: 201607153K,179103,201607153K
450,L09069430376,JCUBE - BRITISH ESSENTIAL,JCUBE|2 JURONG EAST CENTRAL 1,BRITISH ESSENTIAL|PHONE : 65693286|FAX : 65693358|GST REG. NO.: 200300430E,609731,200300430E
451,L24088300291,BEDOK MALL - LOU YAU TASTE OF MALAYSIA,BEDOK MALL|311 NEW UPPER CHANGI ROAD,LOU YAU BEAN SPROUTS CHICKEN|GST REG NO.201312716E,467360,201312716E
456,L0304720468,TAMPINES MALL - NUBOX,TAMPINES MALL|4 TAMPINES CENTRAL 5,NUBOX|NEWSTEAD TECHNOLOGIES|TEL:6587 7130,529510,200100468D
457,L57133290611,RAFFLES CITY SINGAPORE - DA PAOLO GASTRONOMIA,RAFFLES CITY|252 NORTH BRIDGE ROAD,DA PAOLO GASTRONOMIA|GST REG NO: M9-0006960-G|WWW.DAPAOLO.COM.SG,179103,M90006960G
458,L0638850781,BUGIS JUNCTION - SIMPLY TOYS & TOY OUTPOST,BUGIS JUNCTION,SIMPLY TOYS & TOY OUTPOST|SIMPLYTOYS|TEL: 6333 0669|EMAIL:CS@SIMPLYTOYS.COM.SG|GST NO. M9-0367330-P,,M90367330P
461,L0528572083,IMM BUILDING - COTTON ON OUTLET,IMM BUILDING|2 JURONG EAST STREET 21,COTTON ON BODY|BODY CLEARANCE)|TELEPHONE: +65 64250748,609601,200616872D
462,L0208940151,JUNCTION 8 - KIDDY PALACE,JUNCTION 8,KIDDY PALACE|TEL: 62543757|ROC/GST NO : 19-9201408-M,,199201408M
463,L15024430583,THE ATRIUM@ORCHARD - COCO ICHIBANYA,IMM BUILDING|68 ORCHARD ROAD,COCO ICHIBANYA|TEL/FAX: 6238 7539 / 6238 7540|COMPANY REG. NO. 201009695G|GST REG. NO. 20-1009695-G,238839,201009695G
467,L02070530241,JUNCTION 8 - OSMOSE,JUNCTION 8,OSMOSE|GST REG. NO: 201414149E|TEL: 6250 2669|OSMOSE-STORES.COM,,201414149E
468,L05073332650,IMM BUILDING - SHU JIANG GRILLED FISH,IMM BUILDING|2 JURONG EAST ST 2,SHU JIANG GRILLED FISH|GST REG NO.:201507673E,609601,201507673E
477,L22079570567,THE STAR VISTA - SEGAR RESTAURANT,THE STAR VISTA| 1 VISTA EXCHANGE GREEN,SEGAR @ STAR|GST REG NO: 201607079G,138617,201607079G
478,L2203020151,THE STAR VISTA - THE MANHATTAN FISH MARKET,THE STAR VISTA|1 VISTA EXCHANGE GREEN,THE MANHATTAN FISH MARKET|TEL: +65 6694 3548|FAX:+65 6694 3549|2699-H,138617,200502699H
479,L24081010294,BEDOK MALL - GREENDOT AND SMOOTHIE HOUSE,BEDOK MALL|311 NEW UPPER CHANGI ROAD,GREENDOT|#B2-31/32,467360,
484,L2528880319,WESTGATE - FOOD REPUBLIC,WESTGATE|2 GATEWAY DRIVE,FOOD REPUBLIC|HOT HOT BOT|#B1-28/29,608532,
486,L0303670383,TAMPINES MALL - COTTON ON,TAMPINES MALL|4 TAMPINES CENTRAL 5,COTTON ON KIDS|COTTON ON|SHOP 02-18A|TELEPHONE: +65 67840510|GST NUMBER: 200616872D,529510,200616872D
487,L21062450484,BUGIS+ - DAESSIKSIN KOREAN BBQ,BUGIS+,DAE SSIK SIN|GST NO: 200911513D|TEL: 65091761,,200911513D
488,L22070520359,THE STAR VISTA - (CHIBING),THE STAR VISTA,CHI BING|CHI BING (TRUE FORTUNE)|A.B.N. GST: 200913091D|01-43/K4 THE STAR VISTA,138617,200913091D
489,L0200380091,JUNCTION 8 - YOSHINOYA,JUNCTION 8,YOSHINOYA|GST REG: 19-9304141-R|OUTLET NO.: 6356 8720,,199304141R
492,L18073730009,LOT ONE - HOME-FIX,LOT ONE|LOT 1|21 CHOA CHU KANG AVE 4,HOME-FIX D.I.Y|TEL: 6765 1823|CO.REGNO/GST NO 20-0006780Z,689812,200006780Z
503,L25078930718,WESTGATE - K.COOK,WESTGATE|3 GATEWAY DRIVE,K.COOK KOREAN BBQ&STEAMBOAT BUFFE|GST REG NO.201414233C|K.COOK|TEL:68847282,608532,201414233C
509,L03031440353,TAMPINES MALL - ROYCE',TAMPINES MALL,ROYCE CONFECT INTER|TEL: 6538 3024|GST REG. NO.:20-0005529R,529510,200005529R
510,L02080700086,JUNCTION 8 - CENTRAL THAI,JUNCTION 8|9 BISHAN PLACE,CENTRAL THAI|GST REG NO:201118375D|TEL: 6694 3175|WWW.CENTRALTHAI.COM.SG,579837,201118375D
512,L1631650255,BUKIT PANJANG PLAZA - THEFACESHOP,BUKIT PANJANG PLAZA|1 JELEBU ROAD,TFS|TEL:6465 8470|VAT REG NO: 200411534C,677743,200411534C
517,L1600780024,BUKIT PANJANG PLAZA - FOUR LEAVES,BUKIT PANJANG PLAZA,FOUR LEAVES|GST REG NO: M2-0040287-1,,M200402871
518,L1600230023,BUKIT PANJANG PLAZA -  BEE CHENG HIANG,BUKIT PANJANG PLAZA,BEE CHENG HIANG|GST: 201621222N,,201621222N
519,L0209280088,JUNCTION 8 - THE COFFEE BEAN & TEA LEAF,JUNCTION 8|9 BISHAN PLACE,THE COFFEEBEAN & TEA LEAF|TEL: 6259 3025|GST REG NO: 19-9605163-K,579837,199605163K
521,L1812570527,LOT ONE - KIYO,LOT ONE,KIYO|#01-12/13|VAT REG. NO. 199302605H,689812,199302605H
523,L2227350256,THE STAR VISTA - BORNGA,THE STAR VISTA|1 VISTA EXCHANGE GREEN,BORNGA|CO./GST REG NO.: 201215714H,138617,201215714H
524,L04070180659,PLAZA SINGAPURA - HONG KONG WONTON NOODLE,PLAZA SINGAPURA|68 ORCHARD ROAD,WONTON|HONG KONG WONTON NOODLE|TEL: 66840923,238839,
526,L0630850227,BUGIS JUNCTION - SUMIRE YAKITORI HOUSE,BUGIS JUNCTION,SUMIRE YAKITORI HOUSE|GST REG NO: 201305138R|FAX: +65 6338 9953|NO. 80 MIDDLE ROAD,188966,201305138R
527,L1801900477,LOT ONE - WORLD OF SPORTS,LOT ONE|LOT 1|21 CHOA CHU KANG AVE 4,VGO INTER|WORLD OF SPORTS|TEL: 6764 7215,689812,201628885E
528,L2403840005,BEDOK MALL - BREADTALK / TOAST BOX,BEDOK MALL|311 NEW UPPER CHANGI ROAD,BREADTALK|GST REGN. 20-0003528-M|ROC REGN. 200003528M|WWW.BREADTALKREWARDS.COM,467360,200003528M
531,L22064050481,THE STAR VISTA - IMAKATSU,THE STAR VISTA| 1 VISTA EXCHANGE GREEN,IMAKATSU|TEL6148|GST REG NO 20141019E,138617,20141019E
534,L57054190594,RAFFLES CITY SINGAPORE - PAPERMARKET,RAFFLES CITY|252 NORTH BRIDGE RD,PAPERMARKET|TEL: 6333 9007|GST REG NO.: 200904113R|WWW.PAPERMARKET.COM.SG,179103,200904113R
535,L05088302301,IMM BUILDING - LOU YAU TASTE OF MALAYSIA,IMM BUILDING|2 JURONG EAST ST 2,LOU YAU|LOU YAU BEAN SPROUTS CHICKEN|TEL: 65673533|GST REG NO. 201209880R,609601,201209880R
536,L5751670613,RAFFLES CITY SINGAPORE - THAI EXPRESS BISTRO,RAFFLES CITY|252 NORTH BRIDGE ROAD,THAIEXPRESS|FAX/TEL: 6883 1490|GST REG. NO.: 20-0002490-D,179103,200002490D
538,L16010280283,BUKIT PANJANG PLAZA - SIAM KITCHEN,BUKIT PANJANG PLAZA|1 JELEBU ROAD,SIAM KITCHEN|TEL: 6765 8839|GST REG NO. 199802820-G,677743,199802820G
540,L05068662568,IMM BUILDING - H OUTLET,IMM BUILDING|2 JURONG EAST ST. 21,OUTLET 360|TEL: 65634071|GST REGN NO: 200511297K,609601,200511297K
542,L0201270394,JUNCTION 8 - CRABTREE & EVELYN,JUNCTION 8,CRABTREE & EVELYN|62593978|GST REG NO. 19-9901745-Z,579837,199901745Z
543,L16067980331,BUKIT PANJANG PLAZA - VALU$,BUKIT PANJANG PLAZA|1 JELEBU ROAD,DD PTE LTD|GST REG NO. 200513660G,,200513660G
546,L57112480671,RAFFLES CITY SINGAPORE - SUFOOD,RAFFLES CITY|252 NORTH BRIDGE ROAD,SUFOOD|TEL: 6333 5338|GST NO: 201400646C,,201400646C
547,L0226380364,JUNCTION 8 - IPOH LOU YAU BEAN SPROUTS CHICKEN,JUNCTION 8|9 BISHAN PLACE,LOU YAU BEAN SPROUTS CHICKEN|TEL: 6258 3323|GST REG NO. 201209880R,579837,201209880R
548,L0213800100,JUNCTION 8 - ETUDE HOUSE,JUNCTION 8,EH SG|ETUDE HOUSE|8806199444388|CO/GST NO: 200107846H|TEL:62557470|WWW.ETUDE.SG,188021,200107846H
550,L2400080168,BEDOK MALL - MCDONALD'S,BEDOK MALL|311 NEW UPPER CHANGI ROAD,MCDONALD'S|UNIT 01-10/11|HANBAOBAO|GST REGN NO: M2-0023981-4,467360,M200239814
551,L2529240270,WESTGATE - PAUL,WESTGATE,PAUL|GST REGISTRATION NUMBER:201103352E|UNIT 01-05/05A,,201103352E
552,L03000080655,TAMPINES MALL - MCDONALD'S,TAMPINES MALL|4 TAMPINES CENTRAL 5,MCDONALD'S|TEL: 6781 2654|HANBAOBAO|GST REGN NO: M2-0023981-4,529510,M200239814
553,L0302100413,TAMPINES MALL - BEAUTY LANGUAGE,TAMPINES MALL|4 TAMPINES CENTRAL 5,BEAUTY LANGUAGE|GST REG NO: 201103695M,529510,201103695M
555,L2400230097,BEDOK MALL -  BEE CHENG HIANG,BEDOK MALL,BEE CHENG HIANG|GST: M200703774,,M200703774
557,L5751260140,RAFFLES CITY SINGAPORE - PRECIOUS THOTS,RAFFLES CITY|252 NORTHBRIDGE ROAD,PRECIOUS THOTS|#02-17/18/19|PHONE: 6332 1494|FAX: 6338 8062|GST REG. NO.: GST M9-0007909-T,179103,M90007909T
561,L0300980375,TAMPINES MALL - HAAGEN-DAZS,TAMPINES MALL|4 TAMPINES CENTRAL 5,HAAGEN-DAZS|65-6789 9336|GST REG NO. M2-0051945-X,529510,M20051945X
563,L22087000438,THE STAR VISTA - GYU-KAKU JAPANESE BBQ,THE STAR VISTA|1 VISTA EXCHANGE GREEN,GYU-KAKU|TEL: 6735-4001|GST NO. 20-0408426M,138617,200408426M
565,L22076230357,THE STAR VISTA - GREENDOT  SMOOTHIE HOUSE,THE STAR VISTA|1 VISTA EXCHANGE GREEN,GREEN DOT ASIAM FUSION|#01-33/K2|TEL: 6702 2221,138617,
567,L09067980376,JCUBE - VALU$,JCUBE|2 JURONG EAST CENTRAL 1,DD PTE LTD|GST REG NO. 200513660G,,200513660G
569,L2123460349,BUGIS+ - BERSHKA,BUGIS+|190 MACPHERSON ROAD,BERSHKA|MONTEZ|GST NO: M200781503,348548,M200781503
570,L25068940636,WESTGATE - THE EDITOR'S MARKET,WESTGATE|3 GATEWAY DRIVE,THE EDITOR'S MARKET|GST NO: 201709487M,608532,201709487M
573,L25038820576,WESTGATE - ORBIS,WESTGATE|3 GATEWAY DRIVE,ORBIS ASIA PACIFIC HEADQUARTER|TEL NO.: 65 6397 5011|CO. REG. NO: 201317584E,608532,
585,L04062250007,PLAZA SINGAPURA - OLD STREET BAK KUT TEH . YOU TIAO . SOYA MILK,PLAZA SINGAPURA|68 ORCHARD ROAD,OLD STREET BAK KU TEH (PS)|GST REG NO: 201432936Z,238839,201432936Z
586,L0713210121,SEMBAWANG SHOPPING CENTRE - HEI SUSHI,SEMBAWANG SHOPPING CENTRE|604 SEMBAWANG ROAD,KUSHI SUSHI,758459,
596,L24000780309,BEDOK MALL - FOUR LEAVES,BEDOK MALL,FOUR LEAVES|CO. REG. NO: 198003150E|GST REG NO: M2-0040287-1|TEL: 6385 3022,467360,M200402871
597,L24073730282,BEDOK MALL - HOME-FIX,BEDOK MALL|311 NEW UPPER CHANGI ROAD,HOME-FIX D.I.Y|CO REG NO/GST NO. 200006780Z,467360,200006780Z
599,L2412570139,BEDOK MALL - KIYO,BEDOK MALL|311 NEW UPPER CHANGI ROAD,KIYO|#B1-68/69/70|PHONE : 67024185|VAT REG. NO. 199302605H,467360,199302605H
167,L04064340515,PLAZA SINGAPURA - SORELLA,PLAZA SINGAPURA|68 ORCHARD ROAD,SORELLA|TEL: 62648984|GST REG NO: 19-9805501-W,238839,199805501-W
187,L0631130797,BUGIS JUNCTION - MUJI,BUGIS JUNCTION|200 VICTORIA STREET,MUJI SING|PHONE: +65-6336 7885|FAX: +65-6336 7285,188021,200300025H
193,L1802100512,LOT ONE - BEAUTY LANGUAGE,LOT ONE|LOT 1|21 CHOA CHU KANG AVE 4,BEAUTY LANGUAGE|TEL: 6894 2823|FAX: 6894 2823|GST REG NO:201103695M|WWW.BEAUTYLANGUAGE.COM,689812,201103695M
194,L1600120030,BUKIT PANJANG PLAZA - ROYAL SPORTING HOUSE,BUKIT PANGJANG PLAZA,RSH SING|ROYAL SPORTING HOUSE|CO.REG 199409417M|GST REG NO 19-9409417-M|TEL. NO. 6769-9376,,199409417M
209,L2531580346,WESTGATE - OSAKA OHSHO,WESTGATE|3 GATEWAY DRIVE,OSAKA OHSHO|GST REG: M90370629T|TEL. NO. 6465 9383,608532,M90370629T
222,L2500100100,WESTGATE - PIZZA HUT,WESTGATE|2 GATEWAY DRIVE,PIZZA HUT|GST REG NO:M2-0114109-5|WWW.PIZZAHUTGUESTSURVEY.COM.SG,608532,M201141095
229,L07067980248,SEMBAWANG SHOPPING CENTRE - VALU$,SEMBAWANG SHOPPING CENTRE,DD PTE|E-MAIL: DDPTELTD@GMAIL.COM|GST REG NO:200712138N,758459,200712138N
230,L07026580366,SEMBAWANG SHOPPING CENTRE - CHALLENGER MINI,SEMBAWANG SHOPPING CENTRE|604 SEMBAWANG ROAD,CHALLENGER|CHALLENGER TECHNOLOGIES|ROC NO.: 198400182K|GST NO.: M2- 0063230-3|@ CHALLENGER,758459,M200632303
235,L05065171948,IMM BUILDING - HUSH PUPPIES OUTLET (APPAREL),IMM BUILDING,HUSH PUPPIES OUTLET|AROUND THE SHOE OUTLET|TEL: 6896-1201|GST: M2-0065777-2,,M200657772
236,L0700140290,SEMBAWANG SHOPPING CENTRE - WATSONS,SEMBAWANG SHOPPING CENTRE SSC,WATSONS|GST REG : M2-0077257-1|BUS REG NO. 198702314R,,M200772571
237,L06082420364,BUGIS JUNCTION - DANRO & JUHAO XIAO LONG BAO,BUGIS JUNCTION,MOF @ BUG|GST NO:20-0606534-M TEL.63386466,,200606534M
242,L0700510212,SEMBAWANG SHOPPING CENTRE - POPULAR,SEMBAWANG SHOPPING CENTRE,POPULAR|POPULAR BOOK COMPANY|GST REG MR-8500027-X|POPULAR AND URBANWRITE,554360,MR8500027X
246,L15080490615,THE ATRIUM@ORCHARD - NANJING IMPRESSIONS,PLAZA SINGAPURA|THE ATRIUM@ORCHARD|68 ORCHARD ROAD,NANJING DAPAIDANG|TEL NO: 6352 7877|GST REG NO.: 201328810K,238839,201328810K
249,L1807830454,LOT ONE - FOOD JUNCTION,LOT ONE|LOT 1,FOOD JUNCTION|FU XIANG F&B PTE LTD|GST REG NO: 200901062E,,200901062E
251,L0501120021,IMM BUILDING - BALITHAI,IMM BUILDING|2 JURONG EAST 21,BALI THAI @|TEL: +65 6560 5660|GST REGNO: M289220330|WWW.BALITHAI.COM.SG,609601,M289220330
259,L02031580325,JUNCTION 8 - OSAKA OHSHO,JUNCTION 8|9 BISHAN PLACE,OSAKA OHSHO|#02-34/35/35A|GST REG: M90370629T,579837,M90370629T
269,L22084820588,THE STAR VISTA -,THE STAR VISTA,LAO HUO TANG|GST NO.: 2016282386,,2016282386
272,L2226900172,THE STAR VISTA - J-MART,THE STAR VISTA|1VISTA EXCHANGE GREEN,J-MART|GST: 201127682H,138617,201127682H
280,L0300280005,TAMPINES MALL - GNC LIVE WELL,TAMPINES MALL,GNC LIVE WELL|6781 8360|ONI GLOBAL|RCB/GST #200106977R|OSIM INTERNATIONAL,,200106977R
281,L05070572613,IMM BUILDING - LIAN PENG BAK KUT TEH,IMM BUILDING|JURONG EAST ST 21,LIAN PENG BAK KUT TEH|GST NO: 201131356K,609601,201131356K
282,L1612420058,BUKIT PANJANG PLAZA - BOON LAY GEMS,BUKIT PANJANG PLAZA|1 JELEBU ROAD,BOON LAY GEMS|TEL: 6762 8341|FAX: 6762 8340|GST REG. NO.:M2-0071834-8|CO.REG.NO.: 198502488R,677743,M200718348
283,L1600080056,BUKIT PANJANG PLAZA - MCDONALD'S,BUKIT PANJANG PLAZA|1 JELEBU ROAD,MCDONALD'S BPP BRANCH|TEL: 6892 8572|HANBAOBAO|GST REGN NO: M2-0023981-4,677743,M200239814
294,L2560310302,WESTGATE - YVES ROCHER,WESTGATE,YVES ROCHER|LUXYR COSMETICS|GST REG NO.: 201332680K|CO REG NO.: 201332680K,,201332680K
317,L03078400662,TAMPINES MALL - BAKE CHEESE TART,TAMPINES MALL|4 TAMPINES CENTRAL 5,BAKE CHEESE TART|#B1-K7A|TEL: +65 6920 1928|GST REG. NO. : 201541251N|IG:@BAKECHEESETART_SG,529510,201541251N
321,L0314410563,TAMPINES MALL - SINGTELSHOP,TAMPINES MALL|4 TAMPINES CENTRAL 5,SINGTEL SHOP|#02-13/14/15|GST REG. NO. M2-0089417-X,529509,M20089417X
327,L0300230012,TAMPINES MALL -  BEE CHENG HIANG,TAMPINES MALL,BEE CHENG HIANG|TEL: 6781 7877|GST: 201305925G,,201305925G
332,L0602140603,BUGIS JUNCTION - AJISEN JAPANESE RESTAURANT,BUGIS JUNCTION|200 VICTORIA STREET,AJISEN JAPANESE,188024,199707251G
333,L0505641666,IMM BUILDING - NEW BALANCE OUTLET,IMM BUILDING|2 JURONG EAST STREET|IMM|609601,NEW BALA|GST REG NO: M2-0051485-8,609601,M200514858
337,L0429870005,PLAZA SINGAPURA - GNC,PLAZA SINGAPURA,GNC LIVE WELL|6837 0508|ONI GLOBAL|RCB/GST #200106977R|OSIM INETR,,200106977R
347,L0511731537,IMM BUILDING - HOE KEE,IMM BUILDING|2 JURONG EAST ST 21,HOE KEE HARDWARE|TEL: 6566 3929|FAX: 6566 0293|WWW.HOEKEE.COM.SG|GST REG NO:M2-0071926-3|CO REG NO: 198502580D,609501,M200719263
348,L04085510073,PLAZA SINGAPURA - LET'S MEAT UP,PLAZA SINGAPURA|68 ORCHARD ROAD,LET'S MEAT UP|TEL: 6835 7832|GST REG. NO.: 201302451Z,238839,201302451Z
353,L21038160505,BUGIS+ - TEMT,BUGIS+|201 VICTORIA STREET,TEMT ST-BGS|#02-25/26/27,188067,
354,L03080120452,TAMPINES MALL - POH HENG,TAMPINES MALL,POH HENG JEWELLERY|WWW.POHHENG.COM.SG|COREGNO : 195100114R|GSTREGNO: M2-0001837-X,,M20001837X
355,L0527322021,IMM BUILDING - BOSSINI OUTLET,IMM BUILDING|2 JURONG EAST ST 21,BOSSINI|J&R BOSSINI FASHION|TEL:6565 1693|GST REG NO:M200747887,609098,M200747887
357,L0529642116,IMM BUILDING - G2000 OUTLET,IMM BUILDING|2 JURONG EAST ST 21,G2000|G2000 OUTLET,609601,200511297K
358,L0920660076,JCUBE - OLDTOWN WHITE COFFEE,JCUBE|2 JURONG EAST CENTRAL 1,OLDTOWN|GST REG NO: 200719451C|TEL: 6684 4404|FAX: 6684 3204,609731,200719451C
366,L0701910173,SEMBAWANG SHOPPING CENTRE - ESPRIT OUTLET,SEMBAWANG SHOPPING CENTRE,ESPRIT|TEL:68533065|CO.REG NO.:198500846H|GST M2-0069892-4,,M200698924
370,L0505881539,IMM BUILDING - SIM SIANG CHOON,IMM BUILDING|2 JURONG EAST STREET 21,SIM SIANG CHOON HARDWARE (S)|TEL: 65836493|FAX: 85841541|CO.REG.NO.: 199402436M|GST REG. NO.:M201200962,609601,M201200962
371,L0300940253,TAMPINES MALL - MOTHERCARE,TAMPINES MALL|4 TAMPINES CENTRAL 5,MOTHERCARE|MOTHERCARE (S)|HOTLINE: 6692 9880|CO.REGISTRATION NO. : 198500605W|GST REGISTRATION NO : M2-0069653-X,529510,M20069653X
380,L0300780019,TAMPINES MALL - FOUR LEAVES,TAMPINES MALL|4 TAMPINES CENTRAL 5,FOUR LEAVES|GST REG NO: M2-0040287-1|TEL/FAX:6788 5056,529510,M200402871
386,L2226210153,THE STAR VISTA - WRAP & ROLL,THE STAR VISTA|1 VISTA EXCHANGE GREEN,WRAP& ROLL|GST REG NO. 201135300G,,201135300G
393,L1600280008,BUKIT PANJANG PLAZA - GNC LIVE WELL,BUKIT PAJANG PLAZA,GNC LIVE WELL|6769 6795|ONI GLOBAL|RCB/GST #200106977R|OSIM INETRNATIONAL,,200106977R
395,L0505561637,IMM BUILDING - LONG BEACH IMM SEAFOOD RESTAURANT,IMM BUILDING|JURONG EAST ST 21,LONG BEACH SEAFOOD|REG. NO. 199103880N|TEL: 65669933|FAX: 63386398|GST REG NO.M2-0101205-8,,M201012058
397,L0903020120,JCUBE - THE MANHATTAN FISH MARKET,JCUBE|2 JURONG EAST CENTRAL 1,THE MANHATTAN FISH MARKET|TEL:+65 6684 4208|FAX:+65 6684 4209|GST NO: 20-0502699-H|EVENTS@MANHATTANFISHMARKET.COM,609731,200502699H
405,L25072270720,WESTGATE - LADY M CONFECTIONS,WESTGATE|3 GATEWAY DRIVE,LADY M @|TEL: +65 6250 8993|EMAIL:CS@LADYM.COM.SG|GST REG. NO.: 201313768G,608532,201313768G
408,L25022860744,WESTGATE - LANEIGE,WESTGATE|3 GATEWAY DRIVE,LNG-WEST|LANEIGE|TEL: 6252 2434|GST NO: 200107846H,608532,200107846H
410,L2226720236,THE STAR VISTA - YOUMENYA GOEMON,THE STAR VISTA|1 VISTA EXCHANGE GREEN,YOUMENYA GOEMON|PHONE/FAX: 6694 3570|REG NO: 200501519R|1519-R,138617,200501519R
411,L04072240506,PLAZA SINGAPURA - SEORAE,PLAZA SINGAPURA,SEORAE|GST REG NO: 201526433E,238839,201526433E
412,L09001831000,JCUBE - DAISO JAPAN,JCUBE,DAISO JAPAN|ROC T02FC6208E|GST REG: F0-0006208N,,F00006208N
424,L0202380113,JUNCTION 8 - GG<5,JUNCTION 8,GG<5 JUNC|#02-05/06|TEL: 67342693|GST REG. NO. M2-00316657,,M200316657
425,L2526750121,WESTGATE - BROTZEIT  GERMAN BIER BAR & RESTAURANT,WESTGATE|3 GATEWAY DRIVE,BROTZEIT|TEL: 64659874|FAX: 64659873|CO. REG. NO: 200609823C|GST REG NO: 200609823C,608532,200609823C
428,L0402290180,PLAZA SINGAPURA - SECRET RECIPE,PLAZA SINGAPURA|68 ORCHARD ROAD,SECRET RECIPE|TEL: 63419909|FAX: 63419949|GST REG NO 200908575W|SECRETRECIPE.COM.SG,,200908575W
429,L0009659992,JCUBE - JCUBE,JCUBE|2 JURONG EAST CENTRAL 1,OFFER N SAVE|SUPERSTORE|GST REG NO: 52880896J,609731,52880896J
430,L2226780239,THE STAR VISTA - ROCK GIFTS AND BOOK CENTRE,THE STAR VISTA|1 VISTA EXCHANGE GREEN,ROCK GIFTS AND BOOK|TEL NO: 66943007|GST REG NO: 19-9804091-D|WWW.ROCKONLINE.SG,138617,199804091-D
438,L09065730653,JCUBE - EIGHTEEN CHEFS,JCUBE|2 JURONG EAST CENTRAL 1,EIGHTEEN CHEFS|TEL: 6334 3606|GST REG NO:200703692R,609711,200703692R
444,L16064340095,BUKIT PANJANG PLAZA - SORELLA,BUKIT PANJANG PLAZA|BT PANJANG ATRIUM,SORELLA BT|GST REG NO: 19-9805501-W,,199805501W
449,L57RCSFM05,RAFFLES CITY SINGAPORE - MIKUNI,RAFFLES CITY SINGAPORE|2 STAMFORD ROAD,FAIRMONT|MIKUNI|GSTREGNO:M2-0089636-0|REG. NOS. 53087342K,178882,M200896360
452,L15038160438,THE ATRIUM@ORCHARD - TEMT,PLAZA SINGAPURA|68 ORCHARD ROAD,TEMT ST-PSP|ST-PSP #01-54,238839,
453,L07071060365,SEMBAWANG SHOPPING CENTRE - LA PASTIFICIO,SEMBAWANG SHOPPING CENTRE|604 SEMBAWANG ROAD,LA PASTIFICIO|TEL: 6570 6991|GST REG NO:201113328K,,201113328K
454,L05076682689,IMM BUILDING - THE ORANGE LANTERN,IMM BUILDING,THE ORANGE LANTERN|TEL: 68962640,,
464,L02038160436,JUNCTION 8 - TEMT,JUNCTION 8|9 BISHAN PLACE,TEMT ST-JCT|#02-41/42,579837,
466,L25065210442,WESTGATE - THE LEARNING LAB,WESTGATE,THE LEARNING LAB|WWW.THELEARNINGLAB.COM.SG,,
469,L06068350687,BUGIS JUNCTION - MOOKATA,BUGIS JUNCTION|200 VICTORIA STREET,MOOKATA|TRADITIONAL THAI BBQ|GST NO: 200905082R,188021,200905082R
470,L0203670341,JUNCTION 8 - COTTON ON,JUNCTION 8|9 BISHAN PLACE,COTTON ON|01-43/44|TELEPHONE: +65 6250 6242|GST NUMBER: 200616872D,579937,200616872D
471,L05078662756,IMM BUILDING - NOVELA OUTLET,IMM BUILDING|2 JURONG EAST STREET 21,NOVELA|TEL NO.: 65643173|GST REG.NO.:201205310H,,201205310H
472,L2428110185,BEDOK MALL - CHOC SPOT,BEDOK MALL|311 NEW UPPER CHANGI ROAD,CHOC SPOT|TEL: 6702 4094|GST NO: M2-0102325-4,467360,M201023254
473,L0300170048,TAMPINES MALL - GIORDANO,TAMPINES MALL,GIORDANO ORIGINALS|CO.REGN NO: 198103792H|GST REGN NO: M2-0043563-0|TELEPHONE: 65137269|WWW.GIORDANO.COM.SG,,M200435630
474,L0200230021,JUNCTION 8 -  BEE CHENG HIANG,JUNCTION 8,BEE CHENG HIANG|TEL: 6353 5455|GST: 201308172K|BCH@BCH.COM.SG,,201308172K
480,L05062962339,IMM BUILDING - CAFE O,IMM BUILDING|2 JURONG EAST STREET 21,CAFE 0|TEL: 6899 1181|FAX:6899 1191,,M90344326G
481,L2226770252,THE STAR VISTA - AWFULLY CHOCOLATE,THE STAR VISTA|1 VISTA EXCHANGE GREEN,AWFULLY CHOCOLATE|GST REG. NO. : 199805627D,,199805627D
482,L0002659993,JUNCTION 8 - JUNCTION 8,JUNCTION 8,TEPPAN-YAKI|GST REG NO: 199501289G,,199501289G
483,L2431690160,BEDOK MALL - PLAYE,BEDOK MALL,PLAY-E PTE|PHONE: 68449626|GST REG. NO.: 201523435W,,201523435W
485,L0300540217,TAMPINES MALL - JEAN YIP HUB,TAMPINES MALL,JEAN YIP HUB|#03-13/14/K1|CO. REG. NO.: 199000011G|GST M2-0090646-2,,M200906462
491,L15015990619,THE ATRIUM@ORCHARD - T K FOTO,PLAZA SINGAPURA|THE ATRIUM@ORCHARD|68 ORCHARD ROAD,T K FOTO TECHNIC|TEL: 6338 5905|FAX: 6338 5890|REG NO: 200809540W|GST NO: 200809540W,238839,200809540W
493,L03014140394,TAMPINES MALL - M1,TAMPINES MALL|4 TAMPINES CENTRAL 5,M1 SHOP::M1|GST REG. NO. M9-0003294-P|BRN: #199601952W,,M90003294P
495,L0501770083,IMM BUILDING - ZTP,IMM BUILDING|2 JURONG EAST STREET 21,ZTP GINSENG|ZTP GINSENG BIRDNEST|TEL: 6560 1215,609601,199804873R
496,L05077162373,IMM BUILDING - SORELLA OUTLET,IMM BUILDING|JURONG EAST ST 21,SORELLA|TEL: 65650586|GST REG NO: 19-9805501-W,609601,199805501W
499,L05076752599,IMM BUILDING - CROCS OUTLET,IMM BUILDING|2 JURONG EAST STREET 21,CROCS|TEL NO. 6569 5248|GST REG. NO. 201005805R|WWW.CROCS.COM,609601,201005805R
501,L57RCSFM03,RAFFLES CITY SINGAPORE - ASIAN MARKET CAF,RAFFLES CITY SINGAPORE|2 STAMFORD ROAD,ASIAN MARKET|GSTREGNO:M2-0089636-0|REG. NO. 53087342K,178882,M200896360
506,L04073120019,PLAZA SINGAPURA - TEPPEI SYOKUDO,PLAZA SINGAPURA|68 ORCHARD ROAD,TEPPEI SYOKUDO|GST NO:201436703E,238839,201436703E
507,L57069570801,RAFFLES CITY SINGAPORE - MANGO,RAFFLES CITY SINGAPORE|252 NORTH BRIDGE RD,MANGO|RSH SING|PHONE65 62502306,179103,
508,L57RCSSS03,RAFFLES CITY SINGAPORE - KOPI TIAM,RAFFLES CITY SINGAPORE|2 STAMFORD ROAD,SWISSOTEL THE STAMFORD|KOPI TIAM|GSTREGNO:M2-0089636-0,178882,M200896360
511,L06079670167,BUGIS JUNCTION - NBC STATIONERY & GIFTS,BUGIS JUNCTION|200 VICTORIA STREET,NBC STATIONERY & GIFTS|TEL: 63390793|CO.REG.NO: 198304042G|GST REG NO : M2-0062390-8,186021,M200623908
513,L04082330179,PLAZA SINGAPURA - LEGO CERTIFIED STORE (BRICKS WORLD),PLAZA SINGAPURA|68 ORCHARD ROAD,BRIX STA|BRICKS WORLD|PHONE: 62388252|FAX: 62388252|GST REG. NO.: 20-0201189-R,238839,200201189R
515,L1528000346,THE ATRIUM@ORCHARD - BANGKOK JAM,PLAZA SINGAPURA|THE ATRIUM@ORCHARD|68 ORCHARD ROAD,BANGKOK JAM|MANAGED BY CREATIVEEATERIES|TEL: 65 6341 9188,238839,
516,L16028900248,BUKIT PANJANG PLAZA -  (SHAN CHENG),BUKIT PANJANG PLAZA|1 JELEBU ROAD,SHAN CHENG|#01-56/57,677743,
522,L02076600206,JUNCTION 8 - MINISO,JUNCTION 8,MINISO|GST REGISTRATION NO:201534263Z|MINISO SG|WWW.MINISO.COM|INFO@MINISO.COM,,201534263Z
529,L04067620522,PLAZA SINGAPURA - GYOZA-YA,PLAZA SINGAPURA|68 ORCHARD ROAD,GYOZA-YA|TEL: 62668311|GST REG NO: 201431387K,238839,201431387K
530,L0602240372,BUGIS JUNCTION - SASA,BUGIS JUNCTION|200 VICTORIA STREET,SA SA COSMETIC [BJ2]|TEL:63369180|FAX:63364282|GST REG. NO. 19-9701568-C,,199701568C
532,L16027760350,BUKIT PANJANG PLAZA - NENE CHICKEN,BUKIT PANJANG PLAZA|1 JELEBU ROAD,NENE CHICKEN|TEL: 6769 5883|GST & CO.REG NO:200916227W,677743,200916227W
541,L0600200281,BUGIS JUNCTION - CHARLES & KEITH,BUGIS JUNCTION|200 VICTORIA STREET,CHARLES & KEITH|PHONE NO: +(65) 63380537|GST REGISTRATION: 200802300D|CUSTOMERS@CHARLESKEITH.COM,188021,200802300D
545,L5750750165,RAFFLES CITY SINGAPORE - GIORDANO LADIES,RAFFLES CITY,GIORDANO LADIES|CO.REGN NO:198103792H|GST REGN NO:M2-0043563-0,,M200435630
549,L06068330918,BUGIS JUNCTION - AMORE FITNESS & BOUTIQUE SPA,BUGIS JUNCTION,AMORE BOUTIQUE SPA|TEL NO: 63366822|GST NO 19-8700512-K|I AM AMORE|I AM MORE,,198700512K
554,L0700250195,SEMBAWANG SHOPPING CENTRE - PET LOVERS CENTRE,SEMBAWANG SHOPPING CENTRE,PET LOVERS CENTRE|TEL: 1800-PETFOOD|GST REG : M2-0032541-9|WWW.PETLOVERSCENTRE.COM,,M200325419
556,L5753410588,RAFFLES CITY SINGAPORE - ROYCE',RAFFLES CITY|SINGAPORE 179103,ROYCE|ROYCE CONFECT|TEL: 6336 4811|GST REG. NO.: 20-0005529R,179103,200005529R
558,L0902270143,JCUBE - THAI EXPRESS,JCUBE|2 JURONG EAST CENTRAL 1,THAIEXPRESS|TEL:66844909|GST REG NO.200711627G,609731,200711627G
562,L0417110492,PLAZA SINGAPURA - KAI SUSHI & GRILL,PLAZA SINGAPURA,KAI SUSHI AND GRILL|GST NO: 200613899R|TEL: 6299 1661|MOBILE:9455 3953,,200613899R
564,L0529412104,IMM BUILDING - POPEYES,IMM BUILDING|2 JURONG EAST STREET 21,POPEYES|TEL: 65695805|GST REG: 200910800E|WWW.TELLPOPEYESSINGAPORE.COM,609601,200910800E
568,L0600250644,BUGIS JUNCTION - PET LOVERS CENTRE,BUGIS JUNCTION|BUGIS BRANCH,PET LOVERS CENTRE|TEL: 1800-PETFOOD|GST REG : M2-0032541-9|WWW.PETLOVERSCENTRE.COM,,M200325419
571,L0301210421,TAMPINES MALL - STARHUB,TAMPINES MALL|4 TAMPINES CENTRAL 5,STARHUB|STARHUB LTD|GST:M9-0005650-C,,M90005650C
574,L05009281284,IMM BUILDING - THE COFFEE BEAN & TEA LEAF,IMM BUILDING|2 JURONG EAST ST 21,THE COFFEE BEAN & TEA LEAF|TEL: 6896 1781|GST REG NO: 19-9605163-K,609601,199605163K
575,L07076600248,SEMBAWANG SHOPPING CENTRE - MINISO,SEMBAWANG SHOPPING CENTRE,MINISO|WWW.MINISO.COM|INFO@MINISO.COM|MINISO SG|GST REGISTRATION NO:201534263Z,,201534263Z
576,L06035430989,BUGIS JUNCTION - MONSTER CURRY,BUGIS JUNCTION|SINGAPORE 188021,MONSTER CURRY|GST REG NO.201709348W|TEL NO.: 62661708,188021,201709348W
579,L06028000361,BUGIS JUNCTION - BANGKOK JAM,BUGIS JUNCTION|200 VICTORIA STREET,BANGKOK JAM|MANAGED BY CREATIVEEATERIES|TEL: 65 6337 3777|GST REG NO: 199802820-G,188021,199802820G
582,L0613800501,BUGIS JUNCTION - ETUDE HOUSE,BUGIS JUNCTION|200 VICTORIA STREET,EH SG|ETUDE HOUSE|CO/GST NO: 200107846H|TEL:62557470|WWW.ETUDE.COM|ETUDE.SING,188021,200107846H
587,L0238820398,JUNCTION 8 - ORBIS,JUNCTION 8|9 BISHAN PLACE|SINGAPORE 579837,ORBIS|ORBIS ASIA PACIFIC|TEL NO.:6334 2768|GST REG. NO.: 201317584E,579837,201317584E
588,L05083532796,IMM BUILDING - FITFLOP OUTLET,IMM|IMM OUTLET|2 JURONG EAST STREET 21,FITFLOP|201605364K|PHONE: 6425 0712|/FITFLOPSING,609601,201605364K
590,L2402310099,BEDOK MALL - G2000,BEDOK MALL|311 NEW CHANGI ROAD,G2000|PHONE NO.:6702 4072|G2000 APPAREL (S)|GST REG NUMBER: M200971221|COMPANY REG NUMBER: 199006125R,467360,M200971221
591,L0310230572,TAMPINES MALL - SEOUL GARDEN,TAMPINES MALL,SEOUL GARDEN|TEL: 6786 1339|GST M9-0001079-Y,,M90001079Y
594,L2428690014,BEDOK MALL - THE BRICK SHOP,BEDOK MALL|311 NEW UPPER CHANGI ROAD,THE BRICK SHOP,467360,M20119094X
595,L18024180467,LOT ONE - XNDO,LOT ONE|21 CHOA CHU KANG AVE 4,XNDO|FOOD FOR HEALTH|XNDO PTE|CO REG/GST NO.: 200909819E,689812,200909819E
601,L2432000170,BEDOK MALL - PHO STREET,BEDOK MALL|311 UPPER CHANGI ROAD,PHO STREET|PHOBKM.MFB.AC|GST REG: 20135899D,467360,20135899D
