Gank,New LocationCode,CRM Location Name,Text to identify Mall,Text to identify Merchant,ZipCode to identify Mall,GST to identify Merchant
,L57131690620,,RAFFLES CITY|252 NORTH BRIDGE ROAD,HYANGTOGOL|TEL: 6336 4745|WWW.HYANGTOGOL.COM,,2006009216
269,L22084820588,THE STAR VISTA -,THE STAR VISTA,LAO HUO TANG,,2016282386
167,L57250063054,Raffles City Singapore - STARBUCKS COFFEE,252 North Bridge Road|Raffles City,Starbucks Coffee|#01-46/47/48|Tel No. 6910-0971,179103,18-8800670-D
549,L06068330918,BUGIS JUNCTION - AMORE FITNESS & BOUTIQUE SPA,BUGIS JUNCTION,AMORE BOUTIQUE SPA|TEL NO: 63366822|GST NO 19-8700512-K|I AM AMORE|I AM MORE,,198700512K
171,L2500670121,Westgate - STARBUCKS COFFEE,3 Gateway Drive,Starbucks Coffee|Tel No : 6910-1253,58717,19-8800670-D
174,L1600670145,Bukit Panjang Plaza - STARBUCKS COFFEE,Bukit Panjang Plaza|1 Jelebu Road,Starbucks Coffee|#02-09/09A|Tel No. 6910-1281,677743,19-8800670-D
263,L57088340600,RAFFLES CITY SINGAPORE - THE SOUP SPOON UNION,RAFFLES CITY,THE SOUP SPOON UNION|TEL:63343220|WWW.THESOUPSPOON.COM|BASEMENT 1 UNIT 61/62,,199200297K
84,L1808940066,LOT ONE - KIDDY PALACE,LOT 1|LOT ONE|21 CHOA CHU KANG,KIDDY PALACE|TEL: 67640790,,199201408M
141,L2508940074,WESTGATE - KIDDY PALACE,WEST GATE|3 GATEWAY DRIVE,KIDDY PALACE,,199201408M
232,L2408940132,BEDOK MALL - KIDDY PALACE,BEDOK MALL,KIDDY PALACE|TEL:68449355,,199201408M
462,L0208940151,JUNCTION 8 - KIDDY PALACE,JUNCTION 8,KIDDY PALACE|TEL: 62543757,,199201408M
521,L1812570527,LOT ONE - KIYO,LOT ONE,KIYO|#01-12/13|VAT REG. NO. 199302605H,689812,199302605H
599,L2412570139,BEDOK MALL - KIYO,BEDOK MALL|311 NEW UPPER CHANGI ROAD,KIYO|#B1-68/69/70|PHONE : 67024185|VAT REG. NO. 199302605H,467360,199302605H
489,L0200380091,JUNCTION 8 - YOSHINOYA,JUNCTION 8,YOSHINOYA|: 19-9304141-R|OUTLET NO.: 6356 8720,,199304141R
73,L2400380079,Bedok Mall - YOSHINOYA,BEDOK MALL,YOSHINOYA|6844 9418,,19-9304141-R
132,L0200320030,Junction 8 - TORI Q,BISHAN JUNCTION 8,TORIQ #B1-25|TORIQ|TORI_Q_Official|www.tori-q.com,,1994030568R
100,L0300320268,Tampines Mall - TORI Q,TAMPINES MALL,TORIQ|TORI-Q_Official|www.tori-q.com,,199403056A
,L2511300426,,WESTGATE #02-10|GATEWAY DR,TEL:6369 9345 FAX:|ONLINE@BEGA,608532,199403730G
179,L0528152023,,RSH IMM,RSH SING|AT RSH|TEL NO: 6567 9308,,199409417M
365,L0200120155,JUNCTION 8 - ROYAL SPORTING HOUSE,JUNCTION 8,RSH (SING)|TEL. NO. 6256-2989,,199409417M
373,L0300120371,TAMPINES MALL - ROYAL SPORTING HOUSE,TAMPINES MALL,RSH SING|ROYAL SPORTING HOUSE|TEL. NO. 6787-8102,,199409417M
418,L1800120070,LOT ONE - ROYAL SPORTING HOUSE,LOT ONE|LOT 1,RSH SING|ROYAL SPORTING HOUSE|TEL. NO. 6763-6260,,199409417M
194,L1600120030,BUKIT PANJANG PLAZA - ROYAL SPORTING HOUSE,BUKIT PANGJANG PLAZA,RSH SING|ROYAL SPORTING HOUSE|TEL. NO. 6769-9376,,199409417M
108,L22028150494,The Star Vista - Royal Sporting House Outlet,RSH STAR VISTA,RSH STAR|Tel. No. 6248 4596,,19-9409417-M
7,L0314320263,Tampines Mall - EXPRESS TEPPAN-YAKI,4 TAMPINES CTRL 5|TAMPINES MALL,EXPRESS TEPPAN-YAKI|#B1-K22 TAMP,529510,199501289G
168,L0502831538,IMM Building - Song Cho,IMM Building,SONG-CHO|Building #03-09|TEL : 65 6563 1815|www.songcho.com.sg,609601,19-9502110-C
79,L1801970497,,LOT 1|LOT ONE|21 CHOA CHU KANG AVE 4,SAKAE KYO|TEL: (65) 67643678|: 201008718R,689812,199604816E
519,L0209280088,JUNCTION 8 - THE COFFEE BEAN & TEA LEAF,JUNCTION 8|9 BISHAN PLACE,THE COFFEEBEAN & TEA LEAF|TEL: 6259 3025,579837,199605163K
574,L05009281284,IMM BUILDING - THE COFFEE BEAN & TEA LEAF,IMM BUILDING|2 JURONG EAST,THE COFFEE BEAN & TEA LEAF|TEL: 6896 1781,609601,199605163K
208,L03072940508,TAMPINES MALL - SUKI-YA AND EAT AT TAIPEI,TAMPINES MALL|4 TAMPINES CENTRAL 5,EAT AT TAIPEI|TEL: 6789 6166|ROB: 53187736A|EMAIL:MAIL@CREATERIES.COM,,199605714E
172,L0504971683,IMM Building - Cafe Red Ginger,2 JURONG EAST ST 21| IMM Building,CAFE RED GINGER|#01-46 IMM,609601,199607335R
,L1802240114,LOT ONE - SASA,LOT ONE|LOT 1|21 CHOA CHU KANG AVE 4,SA SA|SA SA COSMETIC [L1]|TEL:6892 9980,,199701568C
286,L2502240318,,WESTGATE|3 GATEWAY DRIVE,SA SA COSMETIC [WG]|TEL:64659143|FAX:64659144,608532,199701568C
530,L0602240372,BUGIS JUNCTION - SASA,BUGIS JUNCTION|200 VICTORIA STREET,SA SA COSMETIC [BJ2]|TEL:63369180|FAX:63364282,,199701568C
,L22032990414,,STAR VISTA|1 VISTA EXCHANGE GREEN,CEDELE|CEDELEGROUP|FAX: 6734 1793|WWW.CEDELEGROUP.COM,138617,199702636m
,L57250833132,RAFFLES CITY SINGAPORE - CEDELE,RAFFLES CITY|2 STAMFORD ROAD,CEDELE|TEL: 63344828|FAX: 63344335|WWW.CEDELEGROUP.COM,178882,199702636m
265,L0611750034,BUGIS JUNCTION - IORA,BUGIS JUNCTION|200 VICTORIA STREET,IORA|TEL:+6563389363,,199703089W
95,L25067660734,Westgate - LINEN GALLERY,3 Gateway Dr|@Westgate,Linen Gallery|Tel: (65) 6266 5868|@Westgate #03-41,608532,199705286G
157,L18067660095,Lot One - LINEN GALLERY,21 Choa Chu Kang Ave 4|@Lot One Shoppers',Linen Gallery|Tel : (65) 6769 2389|Mall #03-16,689812,199705286G
398,L0639180462,BUGIS JUNCTION - MENYA MUSASHI TAKATORA,BUGIS JUNCTION|200 VICTORIA STREET,MENYA MUSASHI TAKATORA|TEL: 6884 6454,188024,199707251G
119,L1602120086,BUKIT PANJANG PLAZA - SWENSEN'S,BUKIT PANJANG PLAZA|1 JELEBU ROAD,SWENSEN|SWENSEN'S|TEL : 68920319|FAX: 68923450|COMPANY REG. N 197803023H,677743,199707925N
47,L24000650275,Bedok Mall - Fish & Co,311 upper Changi Road|Bedok Mall,FISH & CO|#01-71/72|Tel: 65818357,467360,1998 2488M
84,L21000650474,Bugis+ - Fish & Co,201 Victoria Street|BUGIS+,FISH & Co.|Tel :6338 2836,188067,1998 2488M
383,L25000650504,WESTGATE - FISH & CO,WESTGATE|3 GATEWAY DRIVE,FISH & CO|TEL: 6266 4235,608532,199802488M
303,L1810280079,,LOT ONE|LOT 1|211 CHOA CHU KANG AVENUE 4,SIAM KITCHEN|TEL:67664766|EMAIL:MAIL@CREATERIES.COM.SG,689812,199802820G
538,L16010280283,BUKIT PANJANG PLAZA - SIAM KITCHEN,BUKIT PANJANG PLAZA|1 JELEBU ROAD,SIAM KITCHEN|TEL: 6765 8839,677743,199802820G
579,L06028000361,BUGIS JUNCTION - BANGKOK JAM,BUGIS JUNCTION|200 VICTORIA STREET,BANGKOK JAM|MANAGED BY CREATIVEEATERIES|TEL: 65 6337 3777,188021,199802820G
430,L2226780239,THE STAR VISTA - ROCK GIFTS AND BOOK CENTRE,THE STAR VISTA|1 VISTA EXCHANGE GREEN,ROCK GIFTS AND BOOK|TEL NO: 66943007|WWW.ROCKONLINE.SG,138617,199804091-D
402,L0528532045,IMM BUILDING - TIMBERLAND OUTLET,IMM BUILDING|IMM,TIMBERLAND OUTLET|TEL:6569-6027,609601,199804569E
495,L0501770083,IMM BUILDING - ZTP,IMM BUILDING|2 JURONG EAST,ZTP GINSENG|ZTP GINSENG BIRDNEST|TEL: 6560 1215,609601,199804873R
444,L16064340095,BUKIT PANJANG PLAZA - SORELLA,BUKIT PANJANG PLAZA|BT PANJANG ATRIUM,SORELLA BT,,199805501W
496,L05077162373,IMM BUILDING - SORELLA OUTLET,IMM BUILDING|JURONG EAST ST 21,SORELLA|TEL: 65650586,609601,199805501W
167,L04064340515,PLAZA SINGAPURA - SORELLA,PLAZA SINGAPURA|68 ORCHARD ROAD,SORELLA|TEL: 62648984,238839,199805501-W
481,L2226770252,THE STAR VISTA - AWFULLY CHOCOLATE,THE STAR VISTA|1 VISTA EXCHANGE GREEN,AWFULLY CHOCOLATE,,199805627D
170,L57250073207,Raffles City Singapore - Awfully Chocolate,RAFFLES CITY,Awfully Chocolate,179103,199805627D
403,L25067790604,WESTGATE - MA KUANG TCM MEDICAL CENTRE,WESTGATE|3 GATEWAY DRIVE,MA KUANG TCM MEDICAL|WEBSITE:WWW.MAKUANG.COM.SG|HOTLINE: 1800-336-5855,608532,199901693G
542,L0201270394,JUNCTION 8 - CRABTREE & EVELYN,JUNCTION 8,CRABTREE & EVELYN|62593978,579837,199901745Z
149,L0301270359,Tampines Mall - Crabtree & Evelyn,Tampines Mall|4 Tampines Central Road,CRABTREE & EVELYN|#01-K4 Tamp|6786 4127,529510,19-9901745-Z
177,L0601270042,Bugis Junction - Crabtree & Evelyn,Bugis Junction|200 Victoria Street,CRABTREE & EVELYN|#01-14 Bugis|63364719,188021,19-9901745-Z
89,L57250363170,Raffles City Singapore - Crabtree & Evelyn, Raffles City|252 North Bridge Road,CRABTREE & EVELYN|B1-29A Raffle,179103,19-9901745-Z
,L16021290281,BUKIT PANJANG PLAZA - SUKI-YA,BUKIT PANJANG PLAZA|1 JELEBU ROAD,SUKI-YA|SUKI-YA HOLDINGS|TEL658815,,199906748n
307,L1521290526,,PLAZA SINGAPURA|THE ATRIUM@ORCHARD|68 ORCHARD ROAD,SUKI-YA HOLDINGS|#04-63/67|TEL:68845423,238839,199906748N
86,L2520990307,Westgate - SELFFIX DIY,West Gate|3 Gateway Drive,SELFFIX HOME & DRY|TEL: 6465 9030|FAX 6465 9031,608532,200000236K
195,L0604350229,,BUGIS JUNCTION|60 MIDDLE ROAD,SARIKA|SARIKA CONNOISSEUR|TCC @ BUGIS JUNCTION - ATRIUM,188966,2000004940E
98,L03063160552,TAMPINES MALL - PUTIEN,TAMPINES MALL,PU TIEN|TEL : 6781 2162|FAX : 6781 2163| : 200001660-W,529510,200001660W
,L57250713073,,RAFFLES CITY|252 NORTH BRIDGE ROAD,PU TIEN|6336 2184,179103,200001660W
41,LSPC900041,SingPost Centre - Pu Tien,#3-106 Singapore Post,PU TIEN|Tel : 6747 4355|Fax : 6747 4351,408600,200001660-W
26,L2411890080,Bedok Mall - Cheers,311 New Upper Changi Road|BEDOK MALL,CHEERS STORE|TEL: 6844-9283,467360,20-0002019-C
536,L5751670613,RAFFLES CITY SINGAPORE - THAI EXPRESS BISTRO,RAFFLES CITY|252 NORTH BRIDGE ROAD,THAIEXPRESS|FAX/TEL: 6883 1490,179103,200002490D
97,L25000723188,WESTGATE - CJ KITCHEN,WESTGATE|3 GATEWAY DRIVE,CRYSTAL JADE KITCHEN (WG)|TEL NO: 64659822|FAX: 64659833,608532,200002726D
528,L2403840005,BEDOK MALL - BREADTALK / TOAST BOX,BEDOK MALL|311 NEW UPPER CHANGI ROAD,BREADTALK|WWW.BREADTALKREWARDS.COM,467360,200003528M
151,L03003840065,Tampines Mall - BreadTalk / TOAST BOX,4 Tampiness Central|ampiness Mall,BreadTalk|Tel : 6443 4644|www.breadtalkrewards.com,529510,20-0003528-M
,L2531440098,WESTGATE - ROYCE',WESTGATE|3 GATEWAY DRIVE,ROYCE|ROYCE CONFECT INTER|WWW.ROYCE.COM.SG,608532,200005529r
509,L03031440353,TAMPINES MALL - ROYCE',TAMPINES MALL,ROYCE CONFECT INTER|TEL: 6538 3024,529510,200005529R
556,L57250743174,RAFFLES CITY SINGAPORE - ROYCE',RAFFLES CITY|SINGAPORE 179103,ROYCE|ROYCE CONFECT|TEL: 6336 4811,179103,200005529R
492,L18073730009,LOT ONE - HOME-FIX,LOT ONE|LOT 1|21 CHOA CHU KANG AVE 4,HOME-FIX D.I.Y|TEL: 6765 1823,689812,200006780Z
597,L24073730282,BEDOK MALL - HOME-FIX,BEDOK MALL|311 NEW UPPER CHANGI ROAD,HOME-FIX D.I.Y,467360,200006780Z
456,L0304720468,TAMPINES MALL - NUBOX,TAMPINES MALL|4 TAMPINES CENTRAL 5,NUBOX|NEWSTEAD TECHNOLOGIES|TEL:6587 7130,529510,200100468D
238,L1800280485,LOT ONE - GNC LIVE WELL,LOT ONE|LOT 1,GNC LIVE WELL|ONI GLOBAL|OSIM INTER,,200106977R
239,L0200280025,JUNCTION 8 - GNC LIVE WELL,JUNCTION 8,GNC LIVE WELL|ONI GLOBAL|OSIM INTER,,200106977R
391,L57250653195,RAFFLES CITY SINGAPORE - GNC LIVE WELL,RAFFLES CITY,GNC LIVE WELL|ONI GLOBAL|OSIM INTER,,200106977R
280,L0300280005,TAMPINES MALL - GNC LIVE WELL,TAMPINES MALL,GNC LIVE WELL|6781 8360|ONI GLOBAL|OSIM INTERNATIONAL,,200106977R
337,L0429870005,PLAZA SINGAPURA - GNC,PLAZA SINGAPURA,GNC LIVE WELL|6837 0508|ONI GLOBAL|OSIM INETR,,200106977R
393,L1600280008,BUKIT PANJANG PLAZA - GNC LIVE WELL,BUKIT PANJANG,GNC LIVE WELL|6769 6795|ONI GLOBAL|OSIM INETRNATIONAL,,200106977R
173,L0600280593,Bugis Junction - GNC LIVE WELL,BUGIS JUNCTION,PORE 6337 1230::1230,,200106977R
113,L03060970611,TAMPINES MALL - INNISFREE,TAMPINES MALL|4 TAMPINES CENTRAL 5|SINGAPORE 529510,INNISFREE|NATURAL BENEFITS FROM JEJU|IF SG TAMPINES|#01-35/36/37|TEL NO: 6443 9608,529510,200107846H
,L0660970843, BUGIS JUNCTION - INNISFRE,BUGIS JUNCTION|200 VICTORIA ST,INNISFREE|NATURAL BENEFITS FROM JEJU|TEL NO: 6238 0129,188021,200107846H
,L24060970395,,BEDOK|BEDOK MALL|311 NEW UPPER CHANGI ROAD,INNISFREE|NATURAL BENEFITS FROM JELU|TEL NO: 6385 9400|WWW.FACEBOOK.COM/INNISFREESINGAPORE,467360,200107846H
255,L1560970557,THE ATRIUM@ORCHARD - INNISFREE,PLAZA SINGAPURA|THE ATRIUM@ORCHARD|68 ORCHARD ROAD,INNISFREE|NATURAL BENEFITS FROM JELU|#01-63/64|TEL:63363179,238839,200107846H
361,L03022860354,TAMPINES MALL - LANEIGE,TAMPINES MALL|4 TAMPINES CENTRAL 5,LANEIGE|TEL: 67836269,529510,200107846H
394,L1522860467,THE ATRIUM@ORCHARD - LANEIGE,PLAZA SINGAPURA|THE ATRIUM@ORCHARD|68 ORCHARD ROAD,LANEIGE,238839,200107846H
548,L0213800100,JUNCTION 8 - ETUDE HOUSE,JUNCTION 8,EH SG|ETUDE HOUSE|8806199444388|TEL:62557470|WWW.ETUDE.SG,188021,200107846H
408,L25022860744,WESTGATE - LANEIGE,WESTGATE|3 GATEWAY DRIVE,LNG-WEST|LANEIGE|TEL: 6252 2434,608532,200107846H
582,L0613800501,BUGIS JUNCTION - ETUDE HOUSE,BUGIS JUNCTION|200 VICTORIA STREET,EH SG|ETUDE HOUSE|TEL:62557470|WWW.ETUDE.COM|ETUDE.SING,188021,200107846H
19,L02060973022,Junction 8 - innisfree,SG JUNCTION 8|9 Bishan Place,innisfree|#01-23/24|Tel No: 6251 4708|www.facebook.com/innisfreesingapore,579837,200107846H
221,L1800090479,LOT ONE - PASTAMANIA,LOT ONE|21 CHOA CHU KANG AVE 4,PASTAMANIA|TEL: 6765 2213|FAX: 6765 2308|WWW.PASTAMANIA.COM.SG,689812,200108110Z
292,L0300090149,TAMPINES MALL - PASTAMANIA,TAMPINES MALL|4 TAMPINES CENTRAL 5,PASTAMANIA|TEL: 6784 1625|FAX: 6784 3126|WWW.PASTAMANIA.COM.SG,529510,200108110Z
356,L0200090090,JUNCTION 8 - PASTAMANIA,JUNCTION 8|9 BISHAN PLACE|BISHAN,PASTAMANIA|TEL:6339 6635|FAX: 6339 0608,188021,200108110Z
67,L0600090463,Bugis Junction - PASTAMANIA,200 Victoria Street|Bugis Junction,PastaMania|Street #B1-08|Tel: 6339 6635|Fax: 6339 0608|www.pastamania.com.sg,188021,20-0108110-Z
48,L25089893110,Westgate - Spageddies Italian Kitchen,3 GATEWAY DRIVE #03-07|WESTGATE,TEL: 62648236/62648237/FAX: 6264 8262|Email:spageddies.com.sg,608532,200200461K
116,L21076220524,Bugis+ - MANEKINEKO,201 Victoria Street|Bugis+,Manekineko|Tel:62433113,,200200623K
,L0601470122,,200 VICTORIA STREET|BUGIS JUNCTION,PAZZION|PHONE 6333 9970| NUMBER 200200886H|FABULOUSLY,,200200886H
513,L04082330179,PLAZA SINGAPURA - LEGO CERTIFIED STORE (BRICKS WORLD),PLAZA SINGAPURA|68 ORCHARD ROAD,BRIX STA|BRICKS WORLD|PHONE: 62388252|FAX: 62388252,238839,200201189R
140,L1811580440,LOT ONE - DIAN XIAO ER,PORE 689812|LOT 1::1|LOT ONE|21 CHOA CHU KANG,#B1-32/33 Lot|DIAN XIAO ER|TEL: 6766 1776,689812,200207476M
110,L02011580416,JUNCTION 8 - DIAN XIAO ER,JUNCTION 8|9 BISHAN PLACE,DIAN XIAO ER|TEL: 6684 0877,579837,200207476M
,L2411580028,BEDOK MALL - DIAN XIAO ER,BEDOK MALL|311 NEW UPPER CHANGI ROAD,DIAN XIAO ER,467360,200207476M
,L0315160184,,TAMPINES MALL|4 TAMPINES CENTRAL 5,NANDO'S|TEL: 65-67895052|FAX:65-67895591|PERI-PERI@NANDOS,529510,200208738D
301,L1815160525,,LOT ONE|LOT 1|21 CHOA CHU KANG AVENUE 4,NANDO'S|UNIT #01-06|TEL:62199920|FAX:62199972|E-MAIL:PERI-PERI@NANDOS.COM.SG,689812,200208738D
372,L0415160513,PLAZA SINGAPURA - NANDO'S,PLAZA SINGAPURA|68 ORCHARD ROAD,NANDO'S|NANDO'S PLAZA SG|TEL: 02-63372555|FAX:02-63373282|EMAIL: PERI-PERI@NANDOS.COM.SG,238839,200208738D
374,L2215160147,THE STAR VISTA - NANDO'S,THE STAR VISTA|1 VISTA EXCHANGE GREEN,NANDO'S|UNIT #B1-09|FAX:6694 1874|EMAIL: PERI-PERI@NANDOS.COM.SG,138617,200208738D
442,L02015160324,JUNCTION 8 - NANDO'S,JUNCTION 8|9 BISHAN PLACE,NANDO|NANDO'S CHICKENLAND SING|TEL:63975889|EMAIL: PERI-PERI@NANDOS.COM.SG,579837,200208738D
134,L0615160648,Bugis Junction - Nando's,Bugis Junction|200, Victoria Street NANDO\s|#01-85/87|Tel: 02-6338 6555|Fax:02-6336 1189|E-mail: peri-peri@nandos.com.sg|www.howwasit4you-sg.net,188021,200208738D
92,L57250123077,RAFFLES CITY SINGAPORE - MUJI,RAFFLES CITY|252 NORTH BRIDGE ROAD|SINGAPORE 179103,MUJI|MUJI SING|#02-20/22|PHONE +65-6264 5838|FAX: +65-6264 5260,179103,200300025H
41,L04031130691,PLAZA SINGAPURA - MUJI,PLAZA SINGAPURA|68 ORCHARD ROAD,MUJI|MUJI SING|PHONE: +65-6264 5838|FAX: +65-6264 5260,238839,200300025H
187,L0631130797,BUGIS JUNCTION - MUJI,BUGIS JUNCTION|200 VICTORIA STREET,MUJI SING|PHONE: +65-6336 7885|FAX: +65-6336 7285,188021,200300025H
450,L09069430376,JCUBE - BRITISH ESSENTIAL,JCUBE|2 JURONG EAST CENTRAL 1,BRITISH ESSENTIAL|PHONE : 65693286|FAX : 65693358,609731,200300430E
69,L2400390013,BEDOK MALL - DIN TAI FUNG,BEDOK MALL|11 NEW UPPER CHANGI ROAD,DIN TAIFUNG|TEL:68449489,467360,200303124C
27,L0300390165,TAMPINES MALL - DIN TAI FUNG,TAMPINES MALL|4 TAMPINES CENTRAL 5,DIN TAI FUNG|TEL: 6787 0998,529510,200303124C
22,L0200390094,JUNCTION 8 - DIN TAI FUNG,JUNCTION 8|9 BISHAN PLACE,DIN TAI FUNG|TEL: 6356 5228,579837,200303124C
304,L5753800387,,RAFFLES CITY,BUFFET TOWN|#B1-44E|TEL:68373793,,2003043395G
378,L57250233223,RAFFLES CITY SINGAPORE - POULET,RAFFLES CITY|252 NORTH BRIDGE ROAD,POULET|#B1-65/66|TEL: 6336-3119|FAX: 6336-1176,179103,200304429R
128,L1801190019,LOT ONE - HOCKHUA TONIC,LOT 1|LOT ONE|21 CHOA CHU KANG AVENUE 4|SINGAPORE 689812,HOCKHUA TONIC|TEL: 67678630|CO. REG. NO. : 53026826D,689812,200309446K
102,L1601190198,BUKIT PANJANG PLAZA - HOCKHUA TONIC,BUKIT PANJANG PLAZA|1 JELEBU ROAD,HOCKHUA TONIC|TEL: 68922551|CO. REG. NO. : 53004359M,677743,200309446K
349,L2128430428,BUGIS+ - SEOULYUMMY KOREAN CASUAL DINING,BUGIS+|201 VICTORIA STREET,SEOUL YUMMY|GRATIFY GROUP PTE LTD|WWW.SEOULJUMMY.COM|TEL:6509 6900,188067,200401969N
197,L04062830646,,PLAZA SINGAPURA|68 ORCHARD ROAD,ART FRIEND @ PSG|AFTK PTE|TEL: 63361120|FAX: 63361190,238839,200404456E
163,L0201190017,,JUNCTION 8|NO.9 BISHAN PLACE|SINGAPORE 579837,HOCKHUA TONIC|TEL: 62501160|CO. REG. NO. : 53040022K,579837,200407924G
563,L22087000438,THE STAR VISTA - GYU-KAKU JAPANESE BBQ,THE STAR VISTA|1 VISTA EXCHANGE GREEN,GYU-KAKU|TEL: 6735-4001,138617,200408426M
,L2405720096,,NEW UPPER CHANGI|BEDOK MALL,PEPPER LUNCH|TEL 6844-9384|#01-05/06/07/08,,200408968W
268,L02089763198,JUNCTION 8 - THEFACESHOP,BUGIS JUNCTION,TFS|THEFACESHOP|TEL:63340797,188021,200411534C
512,L1631650255,BUKIT PANJANG PLAZA - THEFACESHOP,BUKIT PANJANG PLAZA|1 JELEBU ROAD,TFS|TEL:6465 8470,677743,200411534C
22,L0218770334,Junction 8 - Ambush,9 BISHAN PLACE|JUNCTION 8,AMBUSH|#02-19/20/27|TEL: 6353 3960,579837,200412874M
61,L05076162681,IMM Building - AKEMI Outlet,2 Jurong East St21,Akemi Uchi|St 21 #02-20|Tel No.:68961673,608022,200413885M
135,L0231990303,JUNCTION 8 - VENUS BEAUTY,JUNCTION 8|9 BISHAN PLACE|SINGAPORE 579837,VENUS BEAUTY|VENUSBEAUTY.SG,579837,200414121G
9,L57250943232,Raffles City Singapore - PS. CAFE,RAFFLES CITY|252 North Bridge Road,PSGourmet|#03-37 S179103,179103,200416445M
107,L0301190407,TAMPINES MALL - HOCKHUA TONIC,TAMPINES MALL|4 TAMPINES CENTRAL 5,HOCKHUA TONIC|TEL: 67837768|CO. REG. NO.: 53043905X,529510,200416653M
,L2401190029,,BEDOK MALL|311 NEW UPPER,HOCKHUA TONIC|53248626W,467360,200416653m
160,LSPC900007,SingPost Centre - Hockhua Tonic,10 EUNOS ROAD|SINGAPORE POST CENTRE,HOCKHUA TONIC|#B1-123 SINGAPORE|TEL: 67473458|53369946X,408600,20-0416653-M
201,L1529090252,THE ATRIUM@ORCHARD - HOSHINO COFFEE,PLAZA SINGAPURA|68 ORCHARD RD,HOSHINO COFFEE|PHONE: +6563383277|REG NN. :200501519R,238839,200501519R
410,L2226720236,THE STAR VISTA - YOUMENYA GOEMON,THE STAR VISTA|1 VISTA EXCHANGE GREEN,YOUMENYA GOEMON|PHONE/FAX: 6694 3570|1519-R,138617,200501519R
335,L0203020184,,JUNCTION 8|9 BISHAN PLACE,MFM|THE MANHATTAN FISH MARKET|TEL/FAX:63524034,579837,200502699H
389,L0403020255,PLAZA SINGAPURA - THE MANHATTAN FISH MARKET,PLAZA SINGAPURA|68 ORCHARD ROAD,MFM|THE MANHATTAN FISH MARKET|TEL/FAX: 6835 9300,238839,200502699H
478,L2203020151,THE STAR VISTA - THE MANHATTAN FISH MARKET,THE STAR VISTA|1 VISTA EXCHANGE GREEN,THE MANHATTAN FISH MARKET|TEL: +65 6694 3548|FAX:+65 6694 3549,138617,200502699H
397,L0903020120,JCUBE - THE MANHATTAN FISH MARKET,JCUBE|2 JURONG EAST CENTRAL 1,THE MANHATTAN FISH MARKET|TEL:+65 6684 4208|FAX:+65 6684 4209|EVENTS@MANHATTANFISHMARKET.COM,609731,200502699H
32,L06076840228,Bugis Junction - Platypus Kitchen,(Bugis Junction)|200 Victoria Street,Platypus Kitchen|+6563334434|www.platypuskitchen.com,188021,200502851Z
540,L05080802760,IMM BUILDING - H OUTLET,IMM BUILDING|2 JURONG EAST,OUTLET 360|TEL: 65634071,609601,200511297K
357,L0529642116,IMM BUILDING - G2000 OUTLET,IMM BUILDING|2 JURONG EAST|IMM|609601,G2000|G2000 OUTLET|G2000 APPAREL|PHONE NO.: 6425 1416| NUMBER: M200971221|COMPANY REG NUMBER: 199006125R,609601,200511297K
,L05065192467,,IMM|2 JURONG EAST|609601,PEDRO|WWW.PEDROSHOES.COM|AT PEDRO|PEDRO APP|PHONE NO: +(65) 6563 9019,609601,200512535M
543,L16067980331,BUKIT PANJANG PLAZA - VALU$,BUKIT PANJANG PLAZA|1 JELEBU ROAD,DD PTE LTD,,200513660G
567,L09067980376,JCUBE - VALU$,JCUBE|2 JURONG EAST CENTRAL 1,DD PTE LTD,,200513660G
148,L24084060349,BEDOK MALL - HOT TOMATO,BEDOK MALL|311 NEW UPPER CHANGI ROAD,HOT TOMATO|D' COFFEESHOP,467360,200516387N
140,L03029530110,Tampines Mall - Namh.com,Tampines Mall,Mall #03-12|Tel : 62606010,,200606295R
,L1817690494,,LOT ONE,MOF @::MOF|TEL:64660312,,200606534M
237,L0617690364,Bugis Junction - MOF @ My Izakaya,BUGIS JUNCTION,MOF @ BUG|GST NO:20-0606534-M TEL.63386466,,200606534M
38,L16085110418,Bukit Panjang Plaza - JU HAO,BUKIT PANJANG,JU HAO XIAO LONG BAO|Tel:6769 7978,,200606534-M
,L0662480829,,200 VICTORIA STREET|BUGIS JUNCTION,DOLCE TOKYO|TEL: 6336 4808,188021,200606534W
147,L2538320139,Westgate - VITAKIDS,Westgate,VITAKIDS|E-mail: westgate@vitakids.biz|Phone: 6584659318,608532,200607414H
425,L2526750121,WESTGATE - BROTZEIT  GERMAN BIER BAR & RESTAURANT,WESTGATE|3 GATEWAY DRIVE,BROTZEIT|TEL: 64659874|FAX: 64659873,608532,200609823C
73,L0501961769,IMM BUILDING - WAN CHAI HK TEA ROOM,IMM BUILDING|IMM MALL|IMM BRANCH|IMM BLDG|2 JURONG EAST|IMM|609601,WANCHAI|WANCHAI HONG KONG TEA ROOM,609601,200610274Z
37,L2123470329,Bugis+ - PULL BEAR,Bugis+|190 MacPherson Road,PULL&BEAR|Tel : 6884 4347|#02-00 Wisma Gulab,348548,20-0611021-K
139,L5751050137,Raffles City Singapore - The Reflexology Company,252 North Bridge Road|Raffle City,THE REFLEXOLOGY COMPANY|#03-12 Raffle|Tel: 6337 7947,179103,200611596G
375,L15075090575,THE ATRIUM@ORCHARD - KAI SUSHI & RABATAYAKI,PLAZA SINGAPURA|THE ATRIUM@ORCHARD|68 ORCHARD ROAD,KAI SUSHI & ROBATAYAKI|TEL: 6336 1480,169347,200613899R
562,L0417110492,PLAZA SINGAPURA - KAI SUSHI & GRILL,PLAZA SINGAPURA|MOBILE: 9455 3953,KAI SUSHI AND GRILL|TEL: 6299 1661|MOBILE:9455 3953,,200613899R
316,L1814390464,,LOT ONE|21 CHOA CHU KANG AVE 4,COTTON ON|TELEPHONE:001165676270,,200616872D
440,L0529112082,IMM BUILDING - COTTON ON KIDS OUTLET,IMM BUILDING|2 JURONG EAST,COTTON ON KIDS|KIDS IMM (OUTLET)|SHOP NO1-33|TELEPHONE: +65 6569 7204|WWW.COTTONONKIDS.COM,,200616872D
441,L2403670087,BEDOK MALL - COTTON ON,BEDOK MALL,COTTON:ON|COTTON ON SING|SHOP B1-71/72|TELEPHONE: +65 68449377,,200616872D
461,L05079182775,IMM Building - COTTON ON BODY Outlet,IMM BUILDING|2 JURONG EAST,COTTON ON BODY|BODY CLEARANCE)|TELEPHONE: +65 64250748,609601,200616872D
486,L0318150372,TAMPINES MALL - COTTON ON KIDS,TAMPINES MALL|4 TAMPINES CENTRAL 5,COTTON ON KIDS|COTTON ON|SHOP 02-18A|TELEPHONE: +65 67840510,529510,200616872D
470,L0203670341,JUNCTION 8 - COTTON ON,JUNCTION 8|9 BISHAN PLACE,COTTON ON|01-43/44|TELEPHONE: +65 6250 6242,579937,200616872D
30,L0603670225,Bugis Junction - COTTON ON,BUGIS (MEGA)|Bugis Junction|201 Victoria Street,COTTON:ON|02-14a Bugis|Telephone: +65 6238 0762|www.cottonon.com|CottonOn_SG,188021,200616872D
158,L0403670082,Plaza Singapura - COTTON ON,Plaza Singapura|68 Orchard Road,COTTON:ON|Telephone: +65 6835 7521,238877,200616872D
165,L0418150304,Plaza Singapura - COTTON ON KIDS,PLAZA SINGAPURA|68 Orchard Road,COTTON ON KIDS|Telephone: + 65 6337 5057,,200616872D
328,L0528832058,,IMM BUILDING|2 JURONG EAST,COLD WEAR|TEL:(65)65693515,609301,200617519R
192,L05077742730,,IMM BUILDING|2 JURONG EAST|IMM|609601,SKECHERS|SKECHERS SING|TEL:68963290,609601,200618576R
104,LSPC900058,SingPost Centre - SKECHERS,10 Eunos Road 8,SKECHERS SING|#01-101/102|Tel : 6747 2298,,200618576R
148,L18030740071,Lot One - SKECHERS,21 CHOA CHU KANG AVE 4|LOT ONE,SKECHERS|4 #02-15|Tel : 6767 0434,689812,200618576R
144,L25086930559,WESTGATE - IRVINS SALTED EGG,WESTGATE|3 GATEWAY DRIVE,COCOBA|IRVINS SALTED EGG|UNIT NO. #02-K3|TEL NO: 6264 3076|WWW.IRVINSALTEDEGG.COM,608532,200702419E
338,L0562082329,IMM BUILDING - PUMA OUTLET,IMM BUILDING|2 JURONG EAST,PUMA - IM|UNIT 01-22|TEL-65630515,609607,2007033999R
219,L16065730284,BUKIT PANJANG PLAZA - EIGHTEEN CHEFS,BUKIT PANJANG PLAZA|1 JELEBU ROAD,EIGHTEEN CHEFS|TEL:6767 0557,67743,200703692R
376,L06065730701,BUGIS JUNCTION - EIGHTEEN CHEFS,BUGIS JUNCTION|200 VICTORIA STREET,EIGHTEEN CHEFS|TEL: 6734 9741,188021,200703692R
404,L22065730467,THE STAR VISTA - EIGHTEEN CHEFS,THE STAR VISTA|1 VISTA EXCHANGE GREEN,EIGHTEEN CHEFS|TEL:6694 5975,138617,200703692R
438,L09065730653,JCUBE - EIGHTEEN CHEFS,JCUBE|2 JURONG EAST CENTRAL 1,EIGHTEEN CHEFS|TEL: 6334 3606,609711,200703692R
155,L0461230517,Plaza Singapura - A.LAB,68 Orchard Road|Plaza Singapura,A.LAB|Road #04-12B|TEL:67841318,238839,200708457M
558,L0902270143,JCUBE - THAI EXPRESS,JCUBE|2 JURONG EAST CENTRAL 1,THAIEXPRESS|TEL:66844909,609731,200711627G
218,L0403760405,PLAZA SINGAPURA - XIN WANG HONG KONG CAFE,PLAZA SINGAPURA|68 ORCHARD ROAD,XIN WANG|XIN WANG HONG KONG|#06-08/09/10|TEL:68848698,,200711630D
324,L2226620143,,THE STAR VISTA|1 VISTA EXCHANGE GREEN,CENTRAL HK|CENTRAL HONG KONG|TEL:62689628,138617,200713409G
358,L0920660076,JCUBE - OLDTOWN WHITE COFFEE,JCUBE|2 JURONG EAST CENTRAL 1,OLDTOWN|TEL: 6684 4404|FAX: 6684 3204,609731,200719451C
87,L09001790291,JCUBE - ASTONS SPECIALITIES,JCUBE|JCUBE MALL|2 JURONG EAST CENTRAL 1,ASTONS|TEL: 6334 7072,609731,200719983N
,L2121710096,BUGIS+ - ASTONS,BUGIS PLUS|BUGIS+|201 VICTORIA STREET,ASTONS|TEL: 6334 7072,188067,200719983N
6,LSPC900026,SingPost Centre - Astons Specialities,Singpost Centre|10 Eunos Road 8,ASTONS|#01-114/115|Tel:67470860,408600,200719983N
23,L09200853008,JCube - Aji Ichi,J CUBE| 2 Jurong East Central 1,Aji - Ichi|#01-07 JCUBE|TEL: 6570 2526,609731,200719983N
82,LSPC900025,SingPost Centre - Aji-ichi,SINGPOST CENTER|10 Eunos Road 8,Aji - ichi|#01-114/115|TEL: 67470713,408600,200719983N
267,L05065182466,IMM BUILDING - CHARLES & KEITH OUTLET,IMM BUILDING|2 JURONG EAST|IMM|609601,CHARLES & KEITH OUTLET|PHONE NO:+65639020|CUSTOMER@CHARLESKEITH.COM|CUSTOMER SERVICE NUMBER: +(65) 6488 2688,609601,200802300D
541,L0600200281,BUGIS JUNCTION - CHARLES & KEITH,BUGIS JUNCTION|200 VICTORIA STREET,CHARLES & KEITH|PHONE NO: +(65) 63380537|CUSTOMERS@CHARLESKEITH.COM,188021,200802300D
179,L0400200150,Plaza Singapura - CHARLES & KEITH,Plaza Singapura|68 Orchard Road,CHARLES & KEITH|#02-28/28A|PHONE No: +(65) 6488 2688|customer@charleskeith.com,238839,200802300D
491,L15015990619,THE ATRIUM@ORCHARD - T K FOTO,PLAZA SINGAPURA|THE ATRIUM@ORCHARD|68 ORCHARD ROAD,T K FOTO TECHNIC|TEL: 6338 5905|FAX: 6338 5890,238839,200809540W
178,L05085902037,,IMM BUILDING|IMM,DEASSIKSIN|TEL: 6264 9650,,200810220Z
124,L16062250364,BUKIT PANJANG PLAZA - OLD STREET BAK KUT TEH . YOU TIAO . SOYA MILK,BUKIT PANJANG PLAZA|1 JELEBU ROAD,OLD STREET BAK KU THE (BP),677743,200811393M
134,L0223300284,JUNCTION 8 - A-ONE CLAYPOT HOUSE,JUNCTION 8|9 BISHAN PLACE,A-ONE|CLAYPOT HOUSE|TEL: 6258 5119,579837,200813285Z
,L22023300356,,VISTA EXCHANGE GREEN|THE STAR VISTA,A-ONE|CLAYPOT HOUSE|TEL: 6734 6567,138617,200813285z
,L24023300483,BEDOK MALL - A-ONE CLAYPOT HOUSE,BEDOK MALL|311 NEW UPPER CHANGI ROAD,A-ONE|CLAYPOT HOUSE|TEL: 6584 0828,467360,200813285Z
58,L1524330406,THE ATRIUM@ORCHARD - UNIQLO,PLAZA SINGAPURA|68 ORCHARD ROAD,UNIQLO|WWW.UNIQLO.COM|#03-53 TO 62,238839,200816544K
48,L2424330245,BEDOK MALL - UNIQLO,BEDOK MALL|311 NEW CHANGI ROAD|BEDOK|467360,UNIQLO|WWW.UNIQLO.COM|TEL: 6844 9513,467360,200816544K
35,L2124330311,BUGIS+ - UNIQLO,BUGIS+|2012 VICTORIA STREET|188067,UNIQLO|WWW.UNIQLO.COM|TEL: 6238 7401,188067,200816544K
90,L09071100999,JCUBE - SAIZERIYA,JCUBE|JCUBE MALL,SAIZERIYA|TEL: 6268 7512,609731,200818603R
,L22071100573,,STAR VISTA|1 VISTA EXCHANGE GREEN,SAIZERIYA|6734 2580,138617,200818603R
95,L0220880087,JUNCTION 8 - WATAMI JAPANESE CASUAL RESTAURANT,JUNCTION 8|9 BISHAN PLACE,WATAMI|WATAMI JAPANESE CASUAL|TEL:6258 3577|FAX:6258 3803,579837,200821208R
247,L2220880374,THE STAR VISTA - WATAMI JAPANESE CASUAL RESTAURANT,THE STAR VISTA|1 VISTA EXCHANGE GREEN,WATAMI JAPANESE CASUAL|TEL3643,138617,200821208R
,L2124470336,BUGIS+ - SEPHORA,BUGIS+|201 VICTORIA STREET|188067,SEPHORA|#02-06/07/08/09|TEL: 63419386|63419623,188067,200822866n
278,L1524470219,,PLAZA SINGAPURA|THE ATRIUM@ORCHARD|60B ORCHARD ROAD,SEPHORA|TEL:62386690,238891,200822866N
4,L025SEP0001,Westgate - Sephora,3 GATEWAY DRIVE|WESTGATE,SEPHORA|TEL : 62510574,608532,200822866N
159,L1600700026,Bukit Panjang Plaza - BURGER KING,Bukit Panjang Plaza,Burger King,,200900741N
249,L1807830454,LOT ONE - FOOD JUNCTION,LOT ONE|LOT 1,FOOD JUNCTION|FU XIANG F&B PTE LTD,,200901062E
115,L25086350685,WESTGATE - IPPUDO SG @ WESTGATE,WESTGATE|3 GATEWAY DRIVE,IPPUDO SG|TEL: +65 6465 9308|WWW.IPPUDO.COM.SG,608532,200904034W
8,L22030563077,The Star Vista - Ippudo,Star Vista|1 Vista Exchange Green,IPPUDO|Tel : 6734 1596|Fax : 6734 1646,138617,200904034W
534,L57250693168,RAFFLES CITY SINGAPORE - PAPERMARKET,RAFFLES CITY|252 NORTH BRIDGE RD,PAPERMARKET|TEL: 6333 9007|WWW.PAPERMARKET.COM.SG,179103,200904113R
469,L06068350687,BUGIS JUNCTION - MOOKATA,BUGIS JUNCTION|200 VICTORIA STREET,MOOKATA|TRADITIONAL THAI BBQ,188021,200905082R
88,L03017660586,TAMPINES MALL - ITACHO SUSHI,TAMPINES MALL|4 TAMPINES CENTRAL 5|SINGAPORE 529510,ITACHO SUSHI|ITACHO|67895388,529510,200906024W
146,L0617660469,BUGIS JUNCTION - ITACHO SUSHI,BUGIS JUNCTION|200 VICTORIA STREET|SINGAPORE 188021,ITACHO SUSHI|ITACHO|TEL: 63378911,188021,200906024W
139,L0417660505,PLAZA SINGAPURA - ITACHO SUSHI,PLAZA SINGAPURA|68 ORCHARD ROAD|SINGAPORE 238839,ITACHO SUSHI|ITACHO|TEL: 63378922,238839,200906024W
101,L2417660065,BEDOK MALL - ITACHO SUSHI,BEDOK MALL|311 NEW UPPER CHANGI ROAD,ITACHO SUSHI|ITACHO|TEL: 62278911,467360,200906024W
13,L0920510061,JCube - ITACHO SUSHI  JIKA UDON,2 Jurong East Central 1|Jcube,#02-14 2 Jurong|Tel: 66844083,609731,200906024W
428,L0402290180,PLAZA SINGAPURA - SECRET RECIPE,PLAZA SINGAPURA|68 ORCHARD ROAD,SECRET RECIPE|TEL: 63419909|FAX: 63419949|SECRETRECIPE.COM.SG,,200908575W
20,L24200303084,Bedok Mall - So,311 New Upper Changi Rd,www.soramen.com.sg|Tel. +65 6844 9441,467360,200909241M
377,L24200303084,BEDOK MALL - RAMENPLAY,BEDOK MALL|311 NEW UPPER CHANGI RD,RAMENPLAY|TEL. +65 6844 9441,467360,200909421M
595,L18024180467,LOT ONE - XNDO,LOT ONE|21 CHOA CHU KANG AVE 4,XNDO|FOOD FOR HEALTH|XNDO PTE,689812,200909819E
564,L0529412104,IMM BUILDING - POPEYES,IMM BUILDING|2 JURONG EAST,POPEYES|TEL: 65695805|WWW.TELLPOPEYESSINGAPORE.COM,609601,200910800E
487,L21062450484,BUGIS+ - DAESSIKSIN KOREAN BBQ,BUGIS+,DAE SSIK SIN|TEL: 65091761,,200911513D
488,L22070520359,THE STAR VISTA - (CHIBING),THE STAR VISTA,CHI BING|CHI BING (TRUE FORTUNE)|01-43/K4 THE STAR VISTA::01-43,138617,200913091D
121,L09084950289,JCube - Ayam Penyet President,JCube|2 Jurong East Central 1,Ayam Penyet President|JCube #01-05|Tel: 67340786,609731,200915335G
532,L16027760350,BUKIT PANJANG PLAZA - NENE CHICKEN,BUKIT PANJANG PLAZA|1 JELEBU ROAD,NENE CHICKEN|TEL: 6769 5883,677743,200916227W
145,L1521450298,THE ATRIUM@ORCHARD - NANA'S GREEN TEA,PLAZA SINGAPURA|THE ATRIUM@ORCHARD|60B ORCHARD ROAD,NANA'S GREEN TEA|TEL: 6684 4312,238891,201000940E
,L2417650135,,311 NEW UPPER CHANGI ROAD|BEDOK MALL,SHENG KEE|HKBKM.MFB.AC,467360,201002443w
499,L05076752599,IMM BUILDING - CROCS OUTLET,IMM BUILDING|2 JURONG EAST,CROCS|TEL NO. 6569 5248|WWW.CROCS.COM,609601,201005805R
79,L0311180372,Tampines Mall - Crocs,Tampines Mall|4 Tampines Cnetral 5,croscs|#01-17 Tamp|Tel No. 67818053,529510,201005805R
203,L2124430321,,BUGIS+|201 VICTORIA STREET|SINGAPORE 188067,COCO ICHIBANYA|TEL: 6341 9978,188067,201009695G
189,L25024430431,,WESTGATE|3 GATEWAY DRIVESINGAPORE 608532,COCO ICHIBANYA|TEL/FAX: 6710 7062 / 6710 7063,608532,201009695G
336,L2224430238,THE STAR VISTA - COCO ICHIBANYA,THE STAR VISTA|1 VISTA EXCHANGE GREEN,COCO ICHIBANYA|TEL:63419978,138617,201009695G
341,L57250793222,RAFFLES CITY SINGAPORE - COCO ICHIBANYA,RAFFLES CITY|252 NORTH BRIDGE ROAD,ICHIBANYA|COCO ICHIBANYA|TEL:62514808,179103,201009695G
463,L15024430583,THE ATRIUM@ORCHARD - COCO ICHIBANYA,IMM BUILDING|68 ORCHARD ROAD|238839,COCO ICHIBANYA|TEL/FAX: 6238 7539 / 6238 7540,238839,201009695G
45,L24087093144,BEDOK MALL - CANTON PARADISE,BEDOK MALL|311 NEW UPPER CHANGI ROAD|BEDOK|467360,CANTON PARADISE|TEA HOUSE|FAX: 6844 9243,467360,201010317N
100,L2226910269,THE STAR VISTA - CANTON PARADISE TEAHOUSE,THE STAR VISTA|1 VISTA EXCHANGE GREEN|138617|STAR VISTA,CANTON PARADISE|TEA HOUSE|FAX: 6694 2936,138617,201010317N
74,L18028850084,LOT ONE - PARADISE DYNASTY,LOT 1|LOT ONE|21 CHOA CHU KANG AVE 4,PARADISE|PARADISE DYNASTY|TEL: 6766 2380|FAX: 6766 2557,689812,201010512H
62,L2528850295,WESTGATE - PARADISE DYNASTY,WESTGATE|3 GATEWAY DRIVE,PARADISE DYNASTY|FAX: 6465 9272,608532,201010512H
176,L5753650480,Raffles City Singapore - FOREVER NEW,RAFFLES NEW,FOREVER NEW|Forever New|Telphone: + 65 6337 8327,,201014172M
344,L1617850113,BUKIT PANJANG PLAZA - MIND STRETCHER LEARNING CENTRE,BUKIT PANJANG PLAZA|BUKIT PANJANG|1 JELEBU ROAD|677743,MIND STRETCHER LEARNING|WWW.MINDSTRETCHER.COM,677743,201017990C
350,L06078390917,BUGIS JUNCTION - LENU CHEF WAI'S NOODLE BAR,BUGIS JUNCTION|200 VICTORIA STREET,LE NU BUGIS|LENU CHEF WAI'S NOODLE BAR|TEL: 6336 7965|FAX: 6336 0685,188021,201023944N
80,LSPC900028,SingPost Centre - Carl's Jr,SINGPOST,PAYA LEBAR,,20-1024105-N
78,L05038232529,,IMM MALL|IMM BUILDING|2 JURONG EAST|S(609601)|IMM,SUSHI EXPRESS|TEL:6563 2748,609601,201025838D
53,L2538230316,WESTGATE - SUSHI EXPRESS,WESTGATE|3 GATEWAY DRIVE,SUSHI EXPRESS|TEL:6465 9326,608532,201025838D
120,L21002910427,BUGIS+ - GENKI SUSHI,BUGIS+|201 VICTORIA STREET|SINGAPORE 188067,GENKI SUSHI|GENKI SUSHI BUGIS+,188067,201100057G
551,L2529240270,WESTGATE - PAUL,WESTGATE,PAUL|UNIT 01-05/05A,,201103352E
427,L1602100217,BUKIT PANJANG PLAZA - BEAUTY LANGUAGE,BUKIT PANJANG PLAZA|1 JELEBU RD|677743|BUKIT,BEAUTY LANGUAGE|WWW.BEAUTYLANGUAGE.COM,677743,201103695M
553,L0302100413,TAMPINES MALL - BEAUTY LANGUAGE,TAMPINES MALL|4 TAMPINES CENTRAL 5,BEAUTY LANGUAGE,529510,201103695M
193,L1802100512,LOT ONE - BEAUTY LANGUAGE,LOT ONE|LOT 1|21 CHOA CHU KANG AVE 4,BEAUTY LANGUAGE|TEL: 6894 2823|FAX: 6894 2823|WWW.BEAUTYLANGUAGE.COM,689812,201103695M
112,L2502100321,Westgate - Beauty Language,3  GATEWAY DRIVE,DRIVE #B1-31|TEL: 6465 9329|FAX: 6465 9329|www.beautylanguage.com,608532,201103695M
191,L22064230492,THE STAR VISTA - YAYOI,THE STAR VISTA|1 VISTA EXCHANGE GREEN,YAYOI|TEL :6570 2668|YAYOIKEN,138617,201104609W
266,L21064230417,BUGIS+ - YAYOI,BUGIS+|201 VICTORIA STREET|SINGAPORE 188067,YAYOI|YAYOIKEN|TEL:66365448,188067,201104609W
396,L06031640838,BUGIS JUNCTION - PARIS BAGUETTE CAFE,BUGIS JUNCTION|200 VICTORIA STREET,PARIS BAGUETTE,,201108952N
,L0321640264,,TAMPINES MALL|4 TAMPINES CENTRAL 5,O'NYA SAYANG|TEL: 67838140,529510,201112734c
116,L21068810472,BUGIS+ - RAMEN CHAMPION,BUGIS+|201 VICTORIA STREET,OTARU SUISAN|RAMEN|RAMEN CHAMPION|IS+ #04-10,188067,201113013Z
12,L21201393072,Bugis+ - Ramen Champion Vs Japan Food,201 Victoria street,RAMEN CHAMPION|Bugis+ #04-10,188067,201113013Z
,L0528822077,,IMM SHOPPING MALL|2 JURONG EAST,SACOOR|DELTA RETAIL TRADING|PHONE: 65696903,609601,201114985w
172,L57136370615, RAFFLES CITY SINGAPORE - COMNAM - VIETNAMESE STREET EATS / NAMNAM NOODLE,RAFFLES CITY|252 NORTH BRIDGE ROAD,NAM NAM|COMNAM|COMNAM-VIETNAMESE STREET EATS|WWW.NAMNAMNOODLEBAR.COM.SG|TEL:63347377,179103,201116280N
253,L15062990439,THE ATRIUM@ORCHARD - NAMNAM NOODLE BAR,PLAZA SINGAPURA|68 ORCHARD ROAD,NAM NAM NOODLE BAR|TEL:68372252|WWW.NAMNAMNOODLEBAR.COM.SG,238839,201116280N
510,L02080700086,JUNCTION 8 - CENTRAL THAI,JUNCTION 8|9 BISHAN PLACE,CENTRAL THAI|TEL: 6694 3175|WWW.CENTRALTHAI.COM.SG,579837,201118375D
,L02023220178,,JUNCTION 8|9 BISHAN PLACE,JAPAN HOME,579837,201127632E
,L16023220340,,BUKIT PANJANG PLAZA|1 JELEBU ROAD|677743,JAPAN HOME|JAPAN HOME (RETAIL)|TEL: 6891 0694,677743,201127632E
,L1823220294,,LOT 1|LOT ONE|21 CHOA CHU KANG,JAPAN HOME|JAPAN HOME (RETAIL)|TEL: 64683884,689812,201127632E
,L22023220347,,STAR VISTA|1 VISTA EXCHANGE GREEN|THE STAR VISTA,JAPAN HOME|JAPAN HOME (RETAIL)|TEL: 67342807,138617,201127632E
,L2423220152,,BEDOK|BEDOK MALL|311 NEW UPPER CHANGI ROAD,JAPAN HOME|JAPAN HOME (RETAIL)|TEL: 68449600,467360,201127632E
272,L2226900172,THE STAR VISTA - J-MART,THE STAR VISTA|1 VISTA EXCHANGE GREEN|138617,J-MART::J-|Cashier:JMART1::JMART,138617,201127682H
433,L2124020323,BUGIS+ - BONCHON CHICKEN,BUGIS+|201 VICTORIA STREET,BONCHON|TEL: 6884 4768,188067,201129708Z
257,L16066980188,BUKIT PANJANG PLAZA - TONKOTSU KAZAN RAMEN,BUKIT PANJANG PLAZA|1 JELEBU ROAD,TONKOTSU KAZAN RAMEN|#01-64 65,677743,201130958D
281,L05070572613,IMM BUILDING - LIAN PENG BAK KUT TEH,IMM BUILDING|JURONG EAST ST 21,LIAN PENG BAK KUT THE,609601,201131356K
305,L5754030610,,RAFFLES CITY|252 NORTH BRIDGE ROAD,TIONG BAHRU|TIONG BAHRU BAKERY|TEL:(65)63334160,179103,201133471H
386,L2226210153,THE STAR VISTA - WRAP & ROLL,THE STAR VISTA|1 VISTA EXCHANGE GREEN,WRAP|WRAP & ROLL,,201135300G
59,L05024942465,IMM BUILDING - HAIDILAO HOT POT,IMM BUILDING|IMM MALL|IMM BRANCH|IMM BLDG,HAIDILAO,,201201446C
471,L05078662756,IMM BUILDING - NOVELA OUTLET,IMM BUILDING|2 JURONG EAST,NOVELA|TEL NO.: 65643173,,201205310H
176,L2526690345,WESTGATE - PAPPARICH,WESTGATE|3 GATEWAY DRIVE,PAPPARICH|TEL:6358 2232,608532,201205313C
,L0201970027,,JUNCTION 8|9 BISHAN PLACE,SAKAE SUSHI|SAKAE SUSHI (J8)|TEL: (65) 67348552,579837,201208407R
535,L0526381403,IMM Building - Ipoh Lou Yau Bean Sprouts Chicken,IMM BUILDING|2 JURONG EAST,#01-K09 IMM|LOU YAU BEAN SPROUTS CHICKEN|TEL: 65673533,609601,201209880R
547,L0226380364,JUNCTION 8 - IPOH LOU YAU BEAN SPROUTS CHICKEN,JUNCTION 8|9 BISHAN PLACE,LOU YAU BEAN SPROUTS CHICKEN|TEL: 6258 3323,579837,201209880R
117,L2217660155,THE STAR VISTA - ITACHO SUSHI,STAR VISTA|1 VISTA EXCHANGE GREEN,ITACHO SUSHI|ITACHO|TEL: 66940880,138617,201210694N
142,L2526870296,WESTGATE - HOT TOMATO CAFE & GRILL,WEST GATE|3 GATEWAY DRIVE,HOT TOMATO CONCEPT,608532,201210852K
261,L2226790258,THE STAR VISTA - MORGANFIELD'S,THE STAR VISTA|1 VISTA EXCHANGE GREEN,MORGANFIELD'S|WWW.MORGANFIELDS.COM.SG|FB.COM/MORGANFIELDSSINGAPORE,138617,201210937N
145,L05087142905,IMM Building - Asics Factory Outlet,2 Jurong East Street 21,asics|ASICS IMM|#02-12 IMM|Tel: 6255 4404,,201213268K
107,L2125610301,Bugis+ - Hood Bar And Cafe,Bugis Plus|201 Victoria St 05 07,Hood Bar|Tel : 62218846|www.hoodbarandcafe.com|www.facebook.com/ilovehood,188067,201213384G
35,L04201033166,Plaza Singapura - FAYTH,Plaza Singapura|68 Orchard Road,fayth|www.fayth.com|Fayth!,238839,201213643H
523,L2227350256,THE STAR VISTA - BORNGA,THE STAR VISTA|1 VISTA EXCHANGE GREEN,BORNGA,138617,201215714H
,L15029010470,THE ATRIUM@ORCHARD - TSUKADA NOJO,THE ATRIUM LEVEL,TSUKADA NOJO|TEL:6336 5003,238891,201216307g
,L2529010343,,WEST GATE|3 GATEWAY DRIVE,TSUKADA NOJO,608532,201216307G
,L57128370091,RAFFLES CITY SINGAPORE - RIVERSIDE GRILLED FISH,RAFFLES CITY|252 NORTH BRIDGE ROAD,RIVERSIDE GRILLED FISH|TEL: 6352 2035,179103,201220758z
47,L2529760272,WESTGATE - TIM HO WAN,WESTGATE|3 GATEWAY DRIVE|SINGAPORE 608532,TIM HO WAN,608532,201301178C
127,L0429760588,PLAZA SINGAPURA - TIM HO WAN,PLAZA SINGAPURA|68 ORCHARD ROAD,TIM HO WAN|#01-29A/52,238839,201301178C
348,L04085510073,PLAZA SINGAPURA - LET'S MEAT UP,PLAZA SINGAPURA|68 ORCHARD ROAD,LET'S MEAT UP|TEL: 6835 7832,238839,201302451Z
31,L06090023019,Bugis Junction - One Canton,200 Victoria Street|Bugis Junction,ONE CANTON|#01-69 Bugis,188021,201302451Z
150,L2538470315,WESTGATE - OLD STREET BAK KUT TEH,WESTGATE|3 GATEWAY DRIVE|SINGAPORE 068532,OLD STREET BAK KU THE|TEL: 67591082|35494K,608532,201303398H
526,L0630850227,BUGIS JUNCTION - SUMIRE YAKITORI HOUSE,BUGIS JUNCTION,SUMIRE YAKITORI HOUSE|FAX: +65 6338 9953|NO. 80 MIDDLE ROAD,188966,201305138R
327,L0300230012,TAMPINES MALL -  BEE CHENG HIANG,TAMPINES MALL,BEE CHENG HIANG|TEL: 6781 7877,,201305925G
474,L0200230021,JUNCTION 8 -  BEE CHENG HIANG,JUNCTION 8,BEE CHENG HIANG|TEL: 6353 5455|BCH@BCH.COM.SG,,201308172K
,L2431090214,,BEDOK,OWNDAYS|#01-60/61,,201308429G
318,L05066912261,,IMM BUILDING,OWNDAYS OUTLET|#01-11/12,,201308429G
,L0207830212,,JUNCTION 8,FOOD JUN|STALL #10,,201311836H
451,L2426380006,Bedok Mall - Ipoh Lou Yau Bean Sprouts Chicken,BEDOK MALL|311 NEW UPPER CHANGI ROAD,#B2-28 BedokLOU YAU BEAN SPROUTS CHICKEN,467360,201312716E
405,L25072270720,WESTGATE - LADY M CONFECTIONS,WESTGATE|3 GATEWAY DRIVE,LADY M @|TEL: +65 6250 8993|EMAIL:CS@LADYM.COM.SG,608532,201313768G
277,L2531210078,,WESTGATE|3 GATEWAY DRIVE,TONKATSU BISTRO BY MA MAISON,608532,201314391G
119,L25201373269,Westgate - Bowl Thai,3 Gateway Drive,BOWL THAI|#B2-K12 Westgate|Tel:6465 9465,608532,201315893W
,L2531880274,,WESTGATE|3 GATEWAY DRIVE,MIAM MIAM|MIAM MIAM SING|POWER BY REVEL SYSTEMS,608532,201315935W
240,L0631880788,BUGIS JUNCTION - MIAM MIAM,BUGIS JUNCTION|200 VICTORIA STREET,MIAM M AM|POWER BY REVEL SYSTEMS,188021,201315935W
587,L0238820398,JUNCTION 8 - ORBIS,JUNCTION 8|9 BISHAN PLACE|SINGAPORE 579837,ORBIS|ORBIS ASIA PACIFIC|TEL NO.:6334 2768,579837,201317584E
246,L15080490615,THE ATRIUM@ORCHARD - NANJING IMPRESSIONS,PLAZA SINGAPURA|THE ATRIUM@ORCHARD|68 ORCHARD ROAD,NANJING DAPAIDANG|TEL NO: 6352 7877,238839,201328810K
315,L05200803667,,IMM BUILDING|2 JURONG EAST,UNDER ARMOUR OUTLET|UA SPORTS (S.E.A)|TEL:68731680,609601,201331463M
33,L06071520643,Bugis Junction - UNDER ARMOUR,200 Victoria Street|Bugis Junction,UNDER ARMOUR|#01-77/78/79/80/77A/78A/79A/80A|Tel:6837 0913,188021,201331463W
294,L2560310302,WESTGATE - YVES ROCHER,WESTGATE,YVES ROCHER|LUXYR COSMETICS| NO.: 201332680K,,201332680K
233,L09080591064,JCUBE - SHI LI FANG,JCUBE|2 JURONG EAST CENTRAL 1,3 SHI LI FANG|FAMOUS FOOD CUBE|#02-08A,609731,201332719N
379,L2532000184,WESTGATE - PHO STREET,WESTGATE|3 GATEWAY DRIVE,PHO STREET|#B2-K6/K7|TEL: 6465 9925,608532,20135899D
601,L2432000170,BEDOK MALL - PHO STREET,BEDOK MALL|311 UPPER CHANGI ROAD,PHO STREET|PHOBKM.MFB.AC,467360,20135899D
546,L57112480671,RAFFLES CITY SINGAPORE - SUFOOD,RAFFLES CITY|252 NORTH BRIDGE ROAD,SUFOOD|TEL: 6333 5338,,201400646C
385,L04026690640,PLAZA SINGAPURA - PAPPARICH,PLAZA SINGAPURA|68 ORCHARD ROAD,PAPPARICH|TEL: 6735 9323,238839,201400763H
262,L0962300412,JCUBE - OPPA KOREAN GRILL BBQ,JCUBE|2 JURONG EAST CENTRAL|,OPPA KOREAN GRILL BBQ|KOREAN FOOD UNITED|TEL:63395841,609731,201402040C
531,L22064050481,THE STAR VISTA - IMAKATSU,THE STAR VISTA| 1 VISTA EXCHANGE GREEN,IMAKATSU|TEL6148,138617,20141019E
,L04029490072,PLAZA SINGAPURA - 4FINGERS CRISPY CHICKEN,PLAZA SINGAPURA|68 ORCHARD ROAD,4FINGERS CRISPY CHICKEN|WWW.4FINGERS.COM,238839,201411212R
467,L02070530241,JUNCTION 8 - OSMOSE,JUNCTION 8,OSMOSE|TEL: 6250 2669|OSMOSE-STORES.COM,,201414149E
503,L25078930718,WESTGATE - K.COOK,WESTGATE|3 GATEWAY DRIVE,K.COOK KOREAN BBQ&STEAMBOAT BUFFE|K.COOK|TEL:68847282,608532,201414233C
105,L25063260446,WESTGATE - TOKYU HANDS,JURONG EAST|3 GATEWAY DRIVE,TOKYU HANDS|TOKYU HANDS JURONG EAST|TEL: 6710-7100|FAX: 6710-7177,608532,201416784C
133,L18062250154,LOT ONE - OLD STREET BAK KUT TEH . YOU TIAO . SOYA MILK,LOT 1|LOT ONE|21 CHOA CHU KANG,OLD STREET BAK KU THE,689812,201419163G
131,L25061790569,WESTGATE - YOOGANE,WESTGATE|3 GATEWAY DRIVE|SINGAPORE 608532,YOOGANE|TEL: +65 6710 7821,608532,201426699M
170,L25086760741,,WESTGATE|3 GATEWAY DR,MASIZZIM@WEST GATE,608532,201431188M
529,L04067620522,PLAZA SINGAPURA - GYOZA-YA,PLAZA SINGAPURA|68 ORCHARD ROAD,GYOZA-YA|TEL: 62668311,238839,201431387K
34,L57251003157,Raffles City Singapore - Tempura TENTEN,252 Notrh Bridge Road|Raffles City,#B1-13 Raff|TEL: 6336 7457,179103,201431696R
585,L04062250007,PLAZA SINGAPURA - OLD STREET BAK KUT TEH . YOU TIAO . SOYA MILK,PLAZA SINGAPURA|68 ORCHARD ROAD,OLD STREET BAK KU TEH (PS)|Road #B2-07 Plaza,238839,201432936Z
506,L04073120019,PLAZA SINGAPURA - TEPPEI SYOKUDO,PLAZA SINGAPURA|68 ORCHARD ROAD,TEPPEI SYOKUDO,238839,201436703E
28,L57251063236,Raffles City Singapore - LONDON FAT DUCK,252 NORTH BRIDGR ROAD|RAFFLES CITY SC,LONDON FAT DUCK|TEL:6333 5580|FAX: 6333 5581|#B1-76 RAFF,179103,201437753E
156,L03062250560,TAMPINES MALL - OLD STREET BAK KUT TEH . YOU TIAO . SOYA MILK,TAMPINES MALL|4 TAMPINES CENTRAL 5,OLD STREET BAK KU THE (TM) ,529510,201502254K
53,L04202293209,Plaza Singapura - BUROSU RAMEN SEN SUSHI,Plaza Singapura|68 Orchard Road,Sen Bushi Burosu Ramen|Tel No: 68359180|#B2-52/54,238839,201502534H
21,LSPC900040,SingPost Centre - Platform M,SingPost,Platform M::M M,,201502544C
111,L04201543139,Plaza Singapura - SAMA CURRY & CAFE TOKACHI TONTARO,68 ORCHARD ROAD|PLAZA SINGAPURA,SAMA CURRY & CAFE|TOKACHI TONTARO|#06-11/12|www.samacurry.com.sg,238839,201505954C
97,L22068780311,The Star Vista - Guzman Y Gomez Mexican Taqueria,1 Vista Exchange Green,GUZMAN Y GOMEZ SINGAPORE|www.gyg.com.sg|guzmanygomezsingapore|Tel: 6659 6341,138617,201506035M
468,L05073332650,IMM BUILDING - SHU JIANG GRILLED FISH,IMM BUILDING|2 JURONG EAST,SHU JIANG GRILLED FISH,609601,201507673E
133,L15068060568,The Atrium@Orchard - Hamleys,PLAZA SINGAPURA,HAMLEYS|GRV TOY|TEL: +65 6238 0689,,201508574W
483,L2431690160,BEDOK MALL - PLAYE,BEDOK MALL,PLAY-E PTE|PHONE: 68449626,,201523435W
411,L04072240506,PLAZA SINGAPURA - SEORAE,PLAZA SINGAPURA|68 ORCHARD ROAD|238839,SEORAE,238839,201526433E
196,L25086970481,,WESTGATE|3 GATEWAY DRIVE|608532,HONOLULU,608532,201531891N
58,L0318390060,Tampines Mall - PANDORA,Tampines Mall|4 Tampines Central 5,PANDORA|+6567838900|Shop #01-158,,201533579E
69,L2518390278,Westgate - PANDORA,Westgate Mall|3 GateWay Drive,PANDORA|Shop #01-45|+6564659957,608532,201533579E
152,L57250133045,Raffles City Singapore - PANDORA,Raffles City|252 North Bridge Road,PANDORA|+6563361408,179103,201533579E
,L24076600279,,BEDOK MALL|311 NEW UPPER|BEDOK,MINISO|MINISO.COM|MINISO SG|4509757405329,,201534263z
,L25076600690,,WESTGATE MALL,MINISO|MINISO.COM|MINISO SG,,201534263Z
522,L02076600206,JUNCTION 8 - MINISO,JUNCTION 8,MINISO|MINISO SG|WWW.MINISO.COM|INFO@MINISO.COM,,201534263Z
54,L57130540583,Raffles City Singapore - Tokyo Sundubu,Raffles City|252 North Bridge Road,Tokyo Sundubu|Road B1-16|Tel: 62522425,179103,201536091Z
245,L09076690941,JCUBE - THE GOOD TRIO,JCUBE|2 JURONG EAST CENTRAL 1,THE GOOD TRIO|SAN REN XING|TEL:66941897,,201536433D
382,L57133870764,RAFFLES CITY SINGAPORE - THE COFFEE ACADEMICS,RAFFLES CITY|252 NORTH BRIDGE ROAD,THE COFFEE ACADEMICS|PURVEYOR AND ROASTER OF SPECIALTY COFFEE EST,179103,201537245E
317,L03078400662,TAMPINES MALL - BAKE CHEESE TART,TAMPINES MALL|4 TAMPINES CENTRAL 5,BAKE CHEESE TART|TEL: +65 6920 1928|IG:@BAKECHEESETART_SG,529510,201541251N
388,L25030470605,WESTGATE - GREENDOT,WESTGATE,GREEN DOT GDAWG,608532,201600344D
588,L05083532796,IMM BUILDING - FITFLOP OUTLET,IMM|IMM OUTLET|2 JURONG EAST,FITFLOP|PHONE: 6425 0712|/FITFLOPSING,609601,201605364K
477,L22079570567,THE STAR VISTA - SEGAR RESTAURANT,THE STAR VISTA| 1 VISTA EXCHANGE GREEN,SEGAR @ STAR,138617,201607079G
11,L25200553257,Westgate - WOK MASTER,3 Gateway Drive|Westgate,Wok Master|#B1-09 West,608532,201607088H
413,L57130960758,RAFFLES CITY SINGAPORE -  YA HUA BAK KUT TEH,RAFFLES CITY|252 NORTH BRIDGE ROAD,YA HUA BAK KUT TEH|TEL: 6254 7066,179103,201607153K
,L22081100570,THE STAR VISTA - OMOOMODON,THE STAR VISTA|1 VISTA EXCHANGE GREEN,OMOOMO|OMOOMODON|MID: 000000020226301,138617,201611668K
169,L02028430093,JUNCTION 8 - SEOULYUMMY KOREAN CASUAL DINING,JUNCTION 8|9 BISHAN PLACE,SEOUL YUMMY|SEOUL YUMMY (J8)|SUBSIDIARY OF GRATIFY GROUP|TEL: 6570 2033|WWW.SEOULYUMMY.COM,579837,201613400K
310,L04082460697,,PLAZA SINGAPURA|68 ORCHARD ROAD,INOHA MART|*B2-17/18|TEL:(+65)62653139,,201619782R
392,L04084460610,PLAZA SINGAPURA - PATBINGSOO,PLAZA SINGAPURA|68 ORCHARD ROAD,PATBINGSOO|TEL: 9181 3038,238839,201620885N
518,L1600230023,BUKIT PANJANG PLAZA -  BEE CHENG HIANG,BUKIT PANJANG PLAZA,BEE CHENG HIANG,,201621222N
527,L1801900477,LOT ONE - WORLD OF SPORTS,LOT ONE|LOT 1|21 CHOA CHU KANG AVE 4,VGO INTER|WORLD OF SPORTS|TEL: 6764 7215,689812,201628885E
51,L25201463116,Westgate - Sports Town,Westgate|3 Gateway Drive,Sports Town|#03-34/35|Tel: 6465 9884,608532,201628885E
101,L0401900443,Plaza Singapura - WORLD OF SPORTS,WOS PLAZA SINGAPURA|68 Orchard Road|Plaza Singapura,#03-13 Plaza|Tel: 6337 5094,238839,201628885E
202,L0528562048,,IMM BUILDING|2 JURONG EAST|IMM,VGO INTER|WORLD OF SPORTS|TEL:64251035,,201628895E
1,L05200323145,IMM Building - White Restaurant,2 JURONG EAST STREET,WHITE RESTAURANT|#02-24 IMM|TEL NO: 6264 2002,609601,201628952H
17,L57109000294,Raffles City Singapore - URBAN REVIVO,252 North Bridge Road|Raffles City|Mall S179103,URBAN REVIVO|#02-24/25/26|www.urbanrevivo.sg,179103,201631284K
15,L04200013027,Plaza Singapura - URBAN REVIVO,68 Orchard Road|Plaza Singapura,URBAN REVIVO|#01-18/19/20/21/22|urbanrevivo,238839,201631284K
141,L09064650480,JCube - TEO HENG KTV STUDIO,JCube|2 Jurong East Central 1,TEO HENG|Teo Heng KTV|#03-14/15/16|Tel: 67346300|48434200B,609731,201634284Z
156,L22064650522,The Star Vista - TEO HENG KTV STUDIO,1 Vista Exchange Green|The Star Vista,TEO HENG|Teo Heng KTV|#01-23/28|Tel:67751500|48434200B,138617,201634284Z
113,LSPC900042,SingPost Centre - Seoul Yummy,10 Eunos Road 8|Singapore Post Centre,Seoul Yummy|201634414Z|Tel: 6747 9665,408600,201634414Z
57,L21201153079,Bugis+ - Pizza Maru,Bugis+|201 Victoria Street,PIZZAMARU|#04-03/04|Tel: 6634 0930,188067,201705307K
60,L15200713025,The Atrium@Orchard - EGGS N THINGS,68 Orchard Road|Plaza Singapura,eggs'n Things|Road #03-79/83,238839,201706245C
576,L06035430989,BUGIS JUNCTION - MONSTER CURRY,BUGIS JUNCTION|SINGAPORE 188021,MONSTER CURRY|TEL NO.: 62661708,188021,201709348W
570,L25068940636,WESTGATE - THE EDITOR'S MARKET,WESTGATE|3 GATEWAY DRIVE,THE EDITOR'S MARKET,608532,201709487M
92,L21068940534,Bugis+ - The Editor's Market,201 Victoria Street|Bugis+,THE EDITOR's MARKET|#01-04 Bugis+|www.theeditorsmarket.com.,188067,201709487M
106,L21087880536,Bugis+ - Flaming Don,201 Victoria Street|Bugis+,Flaming Don Pte|#05-02/03,188067,201710323H
142,LSPC900017,SingPost Centre - Chateraise,Singapore Post|10 Eonos Road,Chateraise|#1-134/135|TEL: 6747 0560,408600,201716397Z
175,L04201413226,Plaza Singapura - HUO YAN SHAI ZI NIU,Plaza Singapura|68 Orchard Road,Huo Yan Shai Zi Niu|#B2-49 Plaza|huoyanshaiziniu,238839,201732092M
70,L06201143182,Bugis Junction - BIG FISH SMALL FISH,200 Victoria Street|Bugis Junction,Big Fish Small Fish,188021,201734634W
175,L18087290017,,LOT ONE|21 CHOA CHU KANG AVE 4,CHATERAISE|TEL:6769 0676,689812,21130958D
,L0300250420,,TAMPINES MALL|4 TAMPINES CENTRAL 5|TAMPINES BRANCH|TAMPINES,PET LOVERS CENTRE|PETLOVERSCENTRE|1800-PETFOOD,,52969972M
213,L1800250458,LOT ONE - PET LOVERS CENTRE,LOT ONE|LOT 1|LOT1 BRANCH,PET LOVERS|TEL:188-PETFOOD|WWW.PETLOVERSCENTRE.COM,,53052642E
33,L0401830465,PLAZA SINGAPURA - DAISO JAPAN,PLAZA SINGAPURA|68 ORCHARD ROAD,DAISO|TEL: 6884-9210|ROC: T02FC6208E,238839,F00006208N
17,L0501831860,IMM BUILDING - DAISO JAPAN,IMM BLDG|IMM BRANCH|IMM BUILDING|IMM MALL|2 JURONG EAST,DAISO|TEL:6566-9585|ROC: T02FC6208E,609601,F00006208N
412,L09001831000,JCUBE - DAISO JAPAN,JCUBE,DAISO JAPAN|ROC T02FC6208E,,F00006208N
102,LSPC900101,SingPost Centre - Daiso Japan,,Daiso SPC|Tel:6741 0275,,FO-0006208N
153,L03077590597,Tampines Mall - WESTON CORP,TAMPINES CENTRAL 5|TAMPINES MALL,WESTON CORP|#02-17A TAMPINES|www.weston.com.sg|www.facebook.com/westonsg,529510,M2 - 0062537-4
59,L0400340145,Plaza Singapura - ESPRIT,PLAZA SINGAPURA,ESPIRIT,,M2_0069892-4
,L0201930299,,JUNCTION 8,BATA.COM.SG|WITH BATA,,m200000374
,L1601930060,BUKIT PANJANG PLAZA - BATA,BUKIT PANJANG PLAZA,BATA|CUSTOMERSERVICE.SG@BATA.COM|PHONE # 67658592,,m200000374
,L2401930021,,BEDOK MALL|311 NEW UPPER,FEEDBACK.BATA.COM.SG|BATA,,m200000374
387,L1801930411,LOT ONE - BATA,LOT 1|LOT ONE,BATA|CUSTOMERSERVICE.SG@BATA.COM|PHONE # 67629536,,M200000374
417,L0527591988,IMM BUILDING - BATA OUTLET,IMM BUILDING,BATA|CUSTOMERSERVICE.SG@BATA.COM|PHONE # 6513 4270,,M200000374
126,L0401930136,Plaza Singapura - Bata,PLAZA SINGAPURA,bata.com|customerservice.sg@bata.com|Phone # 63373208|BATA,,M2-0000037-4
354,L03080120452,TAMPINES MALL - POH HENG,TAMPINES MALL,POH HENG JEWELLERY|WWW.POHHENG.COM.SG|COREGNO : 195100114R,,M20001837X
,L0200770026,,JUNCTION 8|9 BISHAN PLACE,EUYANSANG|EU YAN SANG|TEL: (65)63542174|FAX: (65)63541648,579837,M200024621
,L0300770015,,TAMPINES MALL|4 TAMPINES CENTRAL 5,EUYANSANG|EU YAN SANG|TEL: (65)67874270|FAX: (65)67874092,529510,M200024621
,L0400770524,,PLAZA SINGAPURA|68 ORCHARD ROAD,EUYANSANG|EU YAN SANG|TEL: (65)62380735|FAX: (65)6238072,238839,M200024621
,L0500770085,,IMM BUILDING|IMM MALL|IMM|2 JURONG EAST|609601,EUYANSANG|EU YAN SANG|TEL: (65)65615313|FAX: (65)65617550|WWW.EUYANSANG.COM.SG,609601,M200024621
,L0600770460,,BUGIS JUNCTION,EUYANSANG|EU YAN SANG,188021,M200024621
,L1600770144,,BUKIT PANJANG PLAZA|1 JELEBU ROAD,EUYANSANG|EU YAN SANG|(65)67674491|(65)67674493,677743,M200024621
,L1800770233,,LOT 1|LOT ONE|21 CHOA CHU KANG,EUYANSANG|EU YAN SANG|TEL: (65)67642824|FAX: (65)67643614|WWW.EUYANSANG.COM.SG,689812,M200024621
,L2400770004,,BEDOK|BEDOK MALL|311 NEW UPPER CHANGI ROAD,EUYANSANG|EU YAN SANG|TEL: (65)68449803|FAX: (65)68449804,467360,M200024621
414,L04065800628,PLAZA SINGAPURA - YAMAHA MUSIC SQUARE/MUSIC SCHOOL,PLAZA SINGAPURA|68 ORCHARD ROAD,YAMAHA MUSIC (ASIA)|TEL: 67409841/856/868|CO. REG. NO.:196600213D,238839,M200076826
434,L03065800219,TAMPINES MALL - YAMAHA MUSIC SQUARE/MUSIC SCHOOL,TAMPINES MALL|4 TAMPINES CENTRAL 5,YAMAHA MUSIC (ASIA)|#04-K1/13/14/15/16|PHONE 67409871/67409877|CO. REG. NO.: 196600213D,529510,M200076826
66,L25065800284,Westgate - YAMAHA MUSIC SQUARE/MUSIC SCHOOL,West Gate|Gateway Drive,YAHAMA MUSIC|Drive #04-40|PHONE 67409336|196600213D|sg.yamaha.com,608532,M200076826
271,L57086070343,RAFFLES CITY SINGAPORE - NESPRESSO,RAFFLES CITY|252 NORTH BRIDGE ROAD,NESPRESSO|NESTLE SING|WWW.NESPRESSO.COM,179103,M200081803
,L2400280050,,BEDOK MALL,LIVE WELL|GNC LIVE WELL|GNC VIP,,M200106977R
7,L2501220028,WESTGATE - ISETAN,WESTGATE|JURONG EAST|TEL NO. : 6896,ISETAN|CO.REG.NO. : 197001177H|TEL NO. : 6896-7777|WWW.ISETAN.COM.SG,,M200114809
12,L0301220338,TAMPINES MALL - ISETAN,TAMPINES|TAMPINES MALL|TEL NO.: 6788,ISETAN|WWW.ISETAN.COM.SG|CO.REG.NO.: 197001177H,,M200114809
81,L0300040376,TAMPINES MALL - COURTS,TAMPINES,COURTS SING|197301411C|WWW.COURTS.COM,,M200162650
295,L1800080475,LOT ONE - MCDONALD'S,LOT ONE|LOT 1|21 CHOA CHU KANG AVENUE 4,MCDONALD'S|HANBAOBAO|TEL:67635908|TEL: 6763 5908|MID: 111883567000,689812,M200239814
550,L2400080168,BEDOK MALL - MCDONALD'S,BEDOK MALL|311 NEW UPPER CHANGI ROAD,MCDONALD'S|UNIT 01-10/11|HANBAOBAO,467360,M200239814
552,L03000080655,TAMPINES MALL - MCDONALD'S,TAMPINES MALL|4 TAMPINES CENTRAL 5,MCDONALD'S|TEL: 6781 2654|HANBAOBAO,529510,M200239814
283,L1600080056,BUKIT PANJANG PLAZA - MCDONALD'S,BUKIT PANJANG PLAZA|1 JELEBU ROAD,MCDONALD'S BPP BRANCH|TEL: 6892 8572|HANBAOBAO,677743,M200239814
72,L0200080182,Junction 8 - McDonald's,Junction 8|01-20 Junction 8,McDonald's Bishan|Tel: 6250 5898,579837,M2-0023981-4
96,L0500081830,IMM Building - McDonald's,IMM Building,MCDonald's|Tel: 68992698,609601,M2-0023981-4
424,L0202380113,JUNCTION 8 - GG<5,JUNCTION 8,GG<5 JUNC|#02-05/06|TEL: 67342693,,M200316657
,L0200250022,,JUNCTION 8 BRANCH,PET LOVERS CENTRE|PETLOVERSCENTRE|TEL : 1800-PERFOOD,,m200325419
,L0500251903,,IMM BUILDING|IMM MALL|IMM BRANCH|IMM BLDG,PET LOVERS CENTRE|1800-PETFOOD|PETLOVERSCENTRE,,m200325419
352,L2400250227,BEDOK MALL - PET LOVERS CENTRE,BEDOK MALL| BEDOK MALL BRANCH|BEDOK,PET LOVERS CENTRE|TEL:1800-PETFOOD|WWW.PETLOVERSCENTRE.COM,,M200325419
568,L0600250644,BUGIS JUNCTION - PET LOVERS CENTRE,BUGIS JUNCTION|BUGIS BRANCH,PET LOVERS CENTRE|TEL: 1800-PETFOOD|WWW.PETLOVERSCENTRE.COM,,M200325419
124,L0400250384,Plaza Singapura - Pet Lovers Centre,Plaza Singapura,Pet Lovers Centre|Tel : 1800-PETFOOD|www.petloverscentre.com,,M2-0032541-9
93,L2402120044,BEDOK MALL - SWENSEN'S,BEDOK MALL|311 NEW UPPER CHANGI ROAD,SWENSEN|SWENSEN'S|FAX: 6844 9750|COMPANY REG. N 197803023H,,M200328108
80,L0202120092,JUNCTION 8 - SWENSEN'S,JUNCTION 8|9 BISHAN PLACE,SWENSEN|SWENSEN'S|TEL: 6252 6229|FAX: 6252 8526|COMPANY REG. N 197803023H,579837,M200328108
77,L0502121304,IMM BUILDING - SWENSEN'S,IMM BLDG|IMM BRANCH|IMM BUILDING|IMM MALL|2 JURONG EAST,SWENSEN|SWENSEN'S|TEL : 6566 7554|FAX: 6561 8026|COMPANY REG. N 197803023H,609601,M200328108
39,L0302120395,TAMPINES MALL - SWENSEN'S,TAMPINES MALL|5 TAMPINES CENTRAL 5,SWENSEN|SWENSEN'S|COMPANY REG. N 197803023H|TEL: 6781 5489|FAX: 6587 6345,,M200328108
,L0402120183,,PLAZA SINGAPURA|68 ORCHARD ROAD|238839,SWENSEN'S|TEL: 68370650|FAX: 6837 0672|COMPANY REG. N 197803023H,238839,M200328108
,L0602120090,,BUGIS JUNCTION,SWENSEN|SWENSEN'S|197803023H,188021,M200328108
63,LSPC900044,SingPost Centre - Swensens,10 Eunos Road 8|Singpost Centre,Swensen's|#02-136/137|Tel:67472197|Fax:67472170|197803023H,408600,M200328108
126,L25079690529,WESTGATE - EARLE SWENSEN,WESTGATE|3 GATEWAY DRIVE|SINGAPORE 608532,EARLE SWENSEN|EARLE SWENSEN'S|TEL: 6358 3859|FAX: 6358 3849|COMPANY REG. N. 197803023H,608532,M200329108
517,L1600780024,BUKIT PANJANG PLAZA - FOUR LEAVES,BUKIT PANJANG PLAZA,FOUR LEAVES,,M200402871
596,L24000780309,BEDOK MALL - FOUR LEAVES,BEDOK MALL,FOUR LEAVES|CO. REG. NO: 198003150E|TEL: 6385 3022,467360,M200402871
380,L0300780019,TAMPINES MALL - FOUR LEAVES,TAMPINES MALL|4 TAMPINES CENTRAL 5,FOUR LEAVES|TEL/FAX:6788 5056,529510,M200402871
323,L1800170049,,LOT ONE|LOT 1,GIORDANO|GIORDANO ORIGINALS|SHOP:SGS64|TEL:65137278|HTTP://WWW.GIORDANO.COM,,M200435630
446,L0528502046,IMM BUILDING - GIORDANO OUTLET,IMM BUILDING|IMM MALL|IMM,GIORDANO ORIGINALS|CO. REGN NO : 198103792H|TELEPHONE : 65137165,,M200435630
473,L0300170048,TAMPINES MALL - GIORDANO,TAMPINES MALL,GIORDANO ORIGINALS|CO.REGN NO: 198103792H|TELEPHONE: 65137269|WWW.GIORDANO.COM.SG,,M200435630
333,L0505641666,IMM BUILDING - NEW BALANCE OUTLET,IMM BUILDING|2 JURONG EAST|IMM|609601,NEW BALA,609601,M200514858
561,L0300980375,TAMPINES MALL - HAAGEN-DAZS,TAMPINES MALL|4 TAMPINES CENTRAL 5,HAAGEN-DAZS|65-6789 9336,529510,M20051945X
117,L25000983007,Westgate - Haagen-Dazs,3 Gateway Drive|Westgate,Haagen-Dazs|65-6254 9180,608532,M2-0051945-X
198,L06073690948,,BUGIS JUNCTION|200 VICTORIA STREET|SINGAPORE 188021,KINOKUNIYA BOOKSTORES|BUSINESS REG. NO.: 198301413H,188021,M200526520
143,L0300530293,TAMPINES MALL - ARENA,TAMPINES MALL|4 TAMPINES CENTRAL 5|SINGAPORE 529510,ARENA|ROC NO: 198101922R,529510,M200533968
68,L0202390320,JUNCTION 8 - BEST DENKI,JUNCTION 8|9 BISHAN PLACE,BEST DENKI|BEST DENKI (S)|TEL: 62588488|RCB NO. 198202199E|WWW.BESTDENKI.COM.SG,579837,M200538137
55,L0502391503,IMM BUILDING - BEST DENKI,IMM BUILDING|2 JURONG EAST|S(609601)|IMM,BEST DENKI (S)|TEL:  65644022|RCB NO. 198202199E|WWW.BESTDENKI.COM.SG,609601,M200538137
188,L2402390223,,BEDOK MALL|311 NEW UPPER CHANGI ROAD,BEST DENKI|BEST DENKI (S)|#B1-01/43/44|RCB NO. 198202199E|WWW.BESTDENKI.COM.SG,467360,M200538137
399,L57250613110,RAFFLES CITY SINGAPORE - NBC STATIONERY & GIFTS,RAFFLES CITY|252 NORTH BRIDGE ROAD,NBC|STATIONERY & GIFTS|#03-10/11/12|TEL: 6336 7466|FAX : 6336 4616|CO.REG.NO : 198304042G|WWW.NBCSTATIONERYANGGIFTS.COM,179103,M200623908
511,L06079670167,BUGIS JUNCTION - NBC STATIONERY & GIFTS,BUGIS JUNCTION|200 VICTORIA STREET,NBC STATIONERY & GIFTS|TEL: 63390793|CO.REG.NO: 198304042G,186021,M200623908
94,L0201860190,JUNCTION 8 - CHALLENGER,JUNCTION 8|9 BISHAN PLACE,CHALLENGER|198400182K,579837,M200632303
86,L2526580234,WESTGATE - CHALLENGER MINI,WESTGATE|3 GATEWAY DRIVE,CHALLENGER|CHALLENGER TECHNOLOGIES|ROC NO.: 198400182K,608532,M200632303
70,L0601860796,BUGIS JUNCTION - CHALLENGER,BUGIS JUNCTION|200 VICTORIA STREET|188021,CHALLENGER|CHELLENGER TECHNOLOGIES|ROC NO. :198400182K|@CHANLLENGER,188021,M200632303
63,L1601860090,BUKIT PANJANG PLAZA - CHALLENGER,BUKIT PANJANG PLAZA|1 JELEBU ROAD,CHALLENGER|CHALLENGER TECHNOLOGIES |ROC NO.:198400182K,677743,M200632303
34,L0401860509,PLAZA SINGAPURA - CHALLENGER,PLAZA SINGAPURA|68 ORCHARD ROAD|238839,CHALLENGER|CHALLENGER TECHNOLOGIES|ROC NO.: 198400182K|@CHALLENGER,238839,M200632303
26,L1801860087,LOT ONE - CHALLENGER,LOT 1|LOT ONE|21 CHOA CHU KANG AVE 4,CHALLENGER|CHALLENGER TECHNOLOGIES|ROC NO.:198400182K|@ CHALLENGER,689812,M200632303
212,L03026580523,TAMPINES MALL - CHALLENGER MINI,TAMPINES MALL|4 TAMPINES CENTRAL 5,CHALLENGER MINI|CHALLENGER TECHNOLOGIES,529510,M200632303
19,L0501861558,IMM BUILDING - CHALLENGER,IMM BLDG|IMM BRANCH|IMM BUILDING|IMM MALL|2 JURONG EAST,CHALLENGER|CHALLENGER TECHNOLOGIES|ROC NO.:198400182K|@CHALLENGER,609601,M200632303
300,L02026580190, JUNCTION 8 - CHALLENGER MINI,JUNCTION 8|9 BISHAN PLACE,CHALLENGER TECHNOLOGIES|#04-03A,579837,M200632303
445,L57250293124,RAFFLES CITY SINGAPORE - CHALLENGER,RAFFLES CITY|252 NORTH BRIDGE ROAD,CHALLENGER|CHALLENGER TECHNOLOGIES|ROC NO.:198400182K,179103,M200632303
130,L0202510385,Junction 8 - Dorothy Perkins,9 Bishan Place|Junction 8,DOROTHY PERKINS|#01-25/26|Phone No.:6339 0351|1984008440,579837,M200638891
163,L0655100802,Bugis Junction - Topshop/Topman,200 Victoria Street|Bugis Junction,TOPSHOP & TOPMAN|#01-112 & 02-12|Phone No.:6336 9762/ 6338 1091|1984008440,188021,M200638891
166,L57250893093,Raffles City Singapore - Dorothy Perkins,252 North Bridge Road|Raffles City,DOROTHY PERKINS|#02-32/ 33|Phone No.:6264 3409|198400844D,179103,M200638891
99,L57250783007,Raffles City Singapore - SWAROVSKI,RAFFLES CITY|252 NORTH BRIDGE ROAD,SWAROVSKI|Swarovski Store|#01-09/10|Shop Tel.: 6563345154|01801/1984-R,179103,M2-0064833-1
,L0323630431,,TAMPINES MALL|4 TAMPINES CENTRAL 5,HUSH PUPPIES|TEL: 6787-3801,529510,M200657772
235,L05065171948,IMM BUILDING - HUSH PUPPIES OUTLET (APPAREL),IMM BUILDING,HUSH PUPPIES OUTLET|AROUND THE SHOE OUTLET|TEL: 6896-1201,,M200657772
214,L1613740102,BUKIT PANJANG PLAZA - JACK'S PLACE,BUKIT PANJANG PLAZA|1 JELEBU ROAD,JACK'S PLACE|STEAKHOUSE|TEL:6568928700,677743,M200680600
371,L0300940253,TAMPINES MALL - MOTHERCARE,TAMPINES MALL|4 TAMPINES CENTRAL 5|629510|TAMPINES,MOTHERCARE|MOTHERCARE (S)|HOTLINE: 6692 9880|CO.REGISTRATION NO. : 198500605W,529510,M20069653X
27,L0400940269,Plaza Singapura - mothercare,PLAZA SINGAPURA|68 Orchard Rd,mothercare|MOTHERCARE (S) PTE,238839,M2-0069653-X
313,L0501911297,IMM BUILDING - ESPRIT OUTLET,I20 OUTLET::I20,ESPRIT|ESPRIT OUTLET|TEL:65675207|CO.REG NO.:198500846H,,M200698924
555,L2400230097,BEDOK MALL -  BEE CHENG HIANG,BEDOK MALL,BEE CHENG HIANG,,M200703774
282,L1612420058,BUKIT PANJANG PLAZA - BOON LAY GEMS,BUKIT PANJANG PLAZA|1 JELEBU ROAD,BOON LAY GEMS|TEL: 6762 8341|FAX: 6762 8340|CO.REG.NO.: 198502488R,677743,M200718348
347,L0511731537,IMM BUILDING - HOE KEE,IMM BUILDING|2 JURONG EAST,HOE KEE HARDWARE|TEL: 6566 3929|FAX: 6566 0293|WWW.HOEKEE.COM.SG|CO REG NO: 198502580D,609501,M200719263
363,L1602250207,BUKIT PANJANG PLAZA - KFC,BUKIT PANJANG PLAZA|BUKIT,KFC|KENTUCKY FRIED CHICKEN MGMT|WWW.KFCGUESTFEEDBACK.COM.SG|CO. REG. NO.: 198600837K,,M200726952
118,L1802250436,Lot One - KFC,KFC LOT 1,KENTUCKY FRIED CHICKEN|198600837K|www.fkcguestfeedback.com.sg,,M200726952
,L0300450051,,TAMPINES MALL|4 TAMPINES CENTRAL 5|SINGAPORE 529510,BOSSINI|J&R BOSSINI FASHION|#02-06/07/08|@BOSSINISG,529510,m200747887
,L0600450553,,BUGIS JUNCTION|200 VICTORIA STREET,BOSSINI|BOSSINI ENTERPRISES LIMITED (SG)|TEL: 6337 6647|FAX: 6337 8647,188021,m200747887
,L1800450421,,LOT 1|LOT ONE|21 CHOA CHU KANG|689812,BOSSINI|J&R BOSSINI|AT BOSSINI|TEL: 6766 7925|@BOSSINISG,689812,m200747887
355,L0527322021,IMM BUILDING - BOSSINI OUTLET,IMM BUILDING|2 JURONG EAST,BOSSINI|J&R BOSSINI FASHION|TEL:6565 1693,609098,M200747887
72,L0500141745,IMM BUILDING - WATSONS,IMM BLDG|IMM BRANCH|IMM BUILDING|IMM,WATSONS|BUS REG NO. 198702314R|WWW.WATSONS.COM.SG,,M200772571
56,L1800140120,LOT ONE - WATSONS,LOT 1,WATSONS|BUS REG NO. 198702314R|WWW.WATSONS.COM.SG,,M200772571
50,L57250883181,RAFFLES CITY SINGAPORE - WATSONS,RAFFLES|RAFFLES CITY,WATSONS|BUS REG NO. 198702314R|WWW.WATSONS.COM.SG,,M200772571
43,L1600140028,BUKIT PANJANG PLAZA - WATSONS,BUKIT PANJANG PLAZA|1 JELEBU ROAD,WATSONS|WATSONS BUKIT|BUS REG NO. 198702314R|WWW.WATSONS.COM.SG,,M200772571
38,L2400140054,BEDOK MALL - WATSONS,BEDOK MALL|311 NEW UPPER,WATSONS|BUS REG NO. 198702314R|WWW.WATSONS.COM.SG,467360,M200772571
37,L02076073095,JUNCTION 8 - WATSONS,JUNCTION 8,WATSONS|BUS REG NO. 198702314R|WWW.WATSONS.COM.SG,579837,M200772571
32,L0600140646,BUGIS JUNCTION - WATSONS,BUGIS JUNCTION,WATSONS|BUS REG NO. 198702314R|WWW.WATSONS.COM.SG,,M200772571
20,L0300140206,TAMPINES MALL - WATSONS,TAMPINES MALL,WATSONS|BUS REG NO. 198702314R|WWW.WATSONS.COM.SG,,M200772571
168,L0900140056,,JCUBE,WATSONS|BUS REG NO. 198702314R|WWW.WATSONS.COM.SG,,M200772571
136,L2200140167,THE STAR VISTA - WATSONS,STAR VISTA|1 VISTA EXCHANGE GREEN,WATSONS|BUS REG NO. 198702314R|WWW.WATSONS.COM.SG,,M200772571
111,L2500140301,WESTGATE - WATSONS,WESTGATE|3 GATEWAY DRIVE,WATSONS|BUS REG NO. 198702314R|WWW.WATSONS.COM.SG,,M200772571
,L0400140006,PLAZA SINGAPURA - WATSONS,PLAZA SINGAPURA|68 ORCHARD ROAD,WATSONS|BUS REG NO. 198702314R|WWW.WATSONS.COM.SG,,m200772571
24,LSPC900014,SingPost Centre - Watsons,SINGPOST CENTER,watsons,,M2-0077257-1
569,L2123460349,BUGIS+ - BERSHKA,BUGIS+|190 MACPHERSON ROAD,BERSHKA|MONTEZ,348548,M200781503
,L22065840482,THE STAR VISTA - THE SEAFOOD MARKET PLACE BY SONG FISH,THE STAR VISTA|1 VISTA EXCHANGE GREEN,SONG FISH DEALER|THE SEEFOOD MARKET PLACE BY SONG FISH|CO.REG : 198703967R,138167,M200789806
,L2561240094,,3 GATEWAY DRIVE|WESTGATE,CURRY TIMES|WWW.CURRYTIMES.COM.SG,608532,m200792092
52,L0502631509,IMM BUILDING - ICHIBAN SUSHI,IMM BLDG|IMM BRANCH|IMM BUILDING|IMM MALL|2 JURONG EAST|IMM|609601,ICHIBAN SUSHI|FAX: 68963078|CO. REG. NO.: 53273556X| 201610846R,609601,M200833031
49,L1602630211,BUKIT PANJANG PLAZA - ICHIBAN SUSHI,BUKIT PANJANG PLAZA|1 JELEBU ROAD,ICHIBAN SUSHI|TEL: 6760 8135|FAX: 6760 8182|CO. REG. NO.: 198801832Z|WWW.RES.COM.SG,677743,M200833031
125,L0402630254,PLAZA SINGAPURA - ICHIBAN SUSHI,PLAZA SINGAPURA|68 ORCHARD ROAD|SINGAPORE 238839,ICHIBAN SUSHI|TEL: 6837 0113|FAX: 6837 0414|CO. REG. NO.: 53273556X,238839,M200833031
409,L0403500337,PLAZA SINGAPURA - HOT TOMATO EXPRESS,PLAZA SINGAPURA|68 ORCHARD ROAD,FIN JONE RESTAURANT & BAR|HOT TOMATO|TEL: 6341-9162|FAX: 6341-9163,238839,M200834470
321,L0314410563,TAMPINES MALL - SINGTELSHOP,TAMPINES MALL|4 TAMPINES CENTRAL 5,SINGTEL SHOP|#02-13/14/15,529509,M20089417X
74,L0614410604,Bugis Junction - SingtelShop,Bugis Junction|200 Victoria Street,Singtel Self-Serve Kiosk|#01-50/50A|Singtel Group,648331,M2-0089417-X
244,L57RCSFM01,RAFFLES CITY SINGAPORE - PREGO,RAFFLES CITY|SINGAPORE 178882,PREGO|FAIRMONT|REG NO. 53087342X,178882,M200896360
422,L57054370147,RAFFLES CITY SINGAPORE - SZECHUAN KITCHEN,RAFFLES CITY|178882,FAIRMONT|FAIRMONT SINGAPORE SZECHUAN COURT|SZECHUAN KITCHEN|354851 QIU HUI,178882,M200896360
449,L57RCSFM05,RAFFLES CITY SINGAPORE - MIKUNI,RAFFLES CITY SINGAPORE|2 STAMFORD ROAD,FAIRMONT|MIKUNI|REG. NOS. 53087342K,178882,M200896360
501,L57RCSFM03,RAFFLES CITY SINGAPORE - ASIAN MARKET CAF,RAFFLES CITY SINGAPORE|2 STAMFORD ROAD,ASIAN MARKET|REG. NO. 53087342K,178882,M200896360
508,L57RCSSS03,RAFFLES CITY SINGAPORE - KOPI TIAM,RAFFLES CITY SINGAPORE|2 STAMFORD ROAD,SWISSOTEL THE STAMFORD|KOPI TIAM,178882,M200896360
485,L0300540217,TAMPINES MALL - JEAN YIP HUB,TAMPINES MALL,JEAN YIP HUB|#03-13/14/K1|CO. REG. NO.: 199000011G,,M200906462
154,L1501550344,The Atrium@Orchard - La Senza,60A ORCHARD RD,La Senza|#03-50/51|Tel: 6884 7569,238890,M2-0090662
185,L0400490285,PLAZA SINGAPURA - GOLDEN VILLAGE,PLAZA SINGAPURA|PLAZA,GOLDEN VILLAGE|GV PLAZA::GV,238839,M200915038
367,L0300490147,TAMPINES MALL - GOLDEN VILLAGE,TAMPINES MALL|4 TAMPINES CENTRAL 5,GOLDEN VILLAGE|GV TAMP|WWW.GV.COM.SG,,M200915038
131,L0200490308,Junction 8 - Golden Village,9 Bishan Place|Junction 8,GOLDEN VILLAGE|Place #04-03|www.gv.com.sg,579837,M2-0091503-8
339,L0505290043,IMM BUILDING - FRAGRANCE,IMM BUILDING|2 JURONG EAST,FRAGRANCE FOODSTUFF|TEL:65657612,,M200925092
205,L04000720614,,PLAZA SINGAPURA|68 ORCHARD ROAD,CRYSTAL JADE KITCHEN STEAMBOAT|TEL:63362833,238839,M200940342
314,L0202310144,,JUNCTION 8|9 BISHAN PLACE,G2000|PHONE NO.:63563601|G2000 APPAREL (S),579837,M200971221
590,L2402310099,BEDOK MALL - G2000,BEDOK MALL|311 NEW CHANGI ROAD,G2000|PHONE NO.:6702 4072|G2000 APPAREL (S)|COMPANY REG NUMBER: 199006125R,467360,M200971221
68,L0402310468,Plaza Singapura - G2000,68 Orchard Road|Plaza Singapura,G2000|Phone No.:6884 9557|G2000 Apparel|199006125R,238839,M200971221
,L1600760153,BUKIT PANJANG PLAZA - BENGAWAN SOLO,BUKIT PANJANG PLAZA|BUKIT|BT PANJANG,BENGAWAN|BENGAWAN SOLO|TEL: 6767 3011|CO. REG NO. 199102507H,,M201008174
290,L1800760016,,LOT 1|LOT ONE|CHOA CHU KANG,BENGAWAN SOLO|TEL:6767 1096|CO. REG NO. 199102507H,,M201008174
345,L0300760013,TAMPINES MALL - BENGAWAN SOLO,TAMPINES MALL,BENGAWAN SOLO|TEL:67882811,,M201008174
343,L0200760266,JUNCTION 8 - BENGAWAN SOLO,BUGIS JUNCTION|200 VICTORIA ST,BENGAWAN SOLO|TEL:62382908,,M201008174
331,L0314280131,,TAMPINES MALL|4 TAMPINES CENTRAL,TONKICHI|TEL:(65)67891726|FAX:(65)67893906,529510,M201011817
395,L0505561637,IMM BUILDING - LONG BEACH IMM SEAFOOD RESTAURANT,IMM BUILDING|JURONG EAST ST 21,LONG BEACH SEAFOOD|REG. NO. 199103880N|TEL: 65669933|FAX: 63386398,,M201012058
472,L2428110185,BEDOK MALL - CHOC SPOT,BEDOK MALL|311 NEW UPPER CHANGI ROAD,CHOC SPOT|TEL: 6702 4094,467360,M201023254
99,L1800100314,LOT ONE - PIZZA HUT,LOT 1|LOT ONE|21 CHOA CHU KANG,PIZZA HUT|TEL: 6465 5740,,M201141095
211,L2400100104,BEDOK MALL - PIZZA HUT,BEDOK MALL|311 NEW UPPER CHANGI ROAD,PIZZA HUT|#B2-05/34|TEL:68449852,467360,M201141095
149,L1600100155,BUKIT PANJANG PLAZA - PIZZA HUT,BUKIT PANJANG PLAZA|1 JELEBU ROAD,PIZZA HUT|TEL: 6892 1266|WWW.PIZZAHUTGUESTSURVEY.COM.SG,677743,M201141095
109,L0300100083,TAMPINES MALL - PIZZA HUT,TAMPINES MALL,PIZZA HUT|TEL: 6781 3413|WWW.PIZZAHUTGUESTSURVEY.COM.SG,,M201141095
439,L0400100363,PLAZA SINGAPURA - PIZZA HUT,PLAZA SINGAPURA|PLAZA SING,PIZZA HUT|TEL: 6334 3757|WWW.PIZZAHUTGUESTSURVEY.COM.SG,,M201141095
222,L2500100100,WESTGATE - PIZZA HUT,WESTGATE|2 GATEWAY DRIVE,PIZZA HUT|WWW.PIZZAHUTGUESTSURVEY.COM.SG,608532,M201141095
91,L0208690104,JUNCTION 8 - BHG,BISHAN,WWW.BHGSINGAPORE.COM.SG|AT BHG|65-67041368|BHGSING,,M201190924
15,L1808690119,LOT ONE - BHG,LOT 1|LOT ONE|21 CHOA CHU KANG,WWW.BHGSINGAPORE.COM.SG|AT BHG|TEL NO : 65-67660880,,M201190924
13,L0608690237,BUGIS JUNCTION - BHG,BUGIS JUNCTION,WWW.BHGSINGAPORE.COM.SG|AT BHG|AT WELCIA-BHG|65-62232222|BHGSING,,M201190924
132,L0300210436,TAMPINES MALL - THE BODY SHOP,TAMPINES MALL|TAMPINES CENTRAL,THE BODY SHOP|IS OUR SOURCE|THEBODYSHOP|TELEPHONE: 67810673|BIZ REG NO: 199307427H|THEBODYSHOP.COM/FEEDBACK,529510,M20119094X
,L0200210057,,JUNCTION 8|9 BISHAN PLACE,THE BODY SHOP|IS OUR SOURCE|THEBODYSHOP,579837,M20119094X
,L0400210106,,PLAZA SINGAPURA|68 ORCHARD ROAD,THE BODY SHOP|IS OUR SOURCE|THEBODYSHOP,238839,M20119094X
,L0600210554,,BUGIS JUNCTION,THE BODY SHOP|IS OUR SOURCE|THEBODYSHOP,188021,M20119094X
,L1600210159,,BUKIT PANJANG PLAZA|1 JELEBU ROAD,THE BODY SHOP|IS OUR SOURCE|THEBODYSHOP,677743,M20119094X
,L1800210048,,LOT 1|LOT ONE|21 CHOA CHU KANG,THE BODY SHOP|IS OUR SOURCE|THEBODYSHOP,689812,M20119094X
,L2400210115,BEDOK MALL - THE BODY SHOP,BEDOK|BEDOK MALL|311 NEW UPPER,THE BODY SHOP|IS OUR SOURCE|THEBODYSHOP|TELEPHONE: 67810673|BIZ REG NO: 199307427H|THEBODYSHOP.COM/FEEDBACK,467360,M20119094X
,L57250843049,,RAFFLES CITY,THE BODY SHOP|IS OUR SOURCE|THEBODYSHOP,179103,M20119094X
594,L2428690014,BEDOK MALL - THE BRICK SHOP,BEDOK MALL|311 NEW UPPER CHANGI ROAD,THE BRICK SHOP,467360,M20119094X
,L0527511980,,IMM BLDG|IMM BRANCH|IMM BUILDING|IMM MALL|IMM,ADIDAS|TEL:65695736|CO. REG #199400638K,609601,M201192820
115,L2124870337,Bugis+ - adidas Originals,201 Victoria Street|Bugis +,adidas|#02/10-11|Tel No.: 62380198|199400638K|shop.adidas.com.sg/,188067,M20119282-0
370,L0505881539,IMM BUILDING - SIM SIANG CHOON,IMM BUILDING|2 JURONG EAST,SIM SIANG CHOON HARDWARE (S)|TEL: 65836493|FAX: 85841541|CO.REG.NO.: 199402436M,609601,M201200962
56,LSPC900031,SingPost Centre - Hawkerman,10 Eunos Road 8|Singpost Centre,HAWKERMAN|B1-128/129,409600,M2-0120727-4
83,L5751610138,RAFFLES CITY SINGAPORE - SUSHI TEI,RAFFLES CITY|252 NORTH BRIDGE ROAD,SUSHI TEI|TEL: 63347887|FAX: 63347667,179103,M201263930
254,L15087410505,THE ATRIUM@ORCHARD - DEN AJISEN,PLAZA SINGAPURA|THE ATRIUM@ORCHARD|68 ORCHARD ROAD,AJISEN DEN|pura 04-64/66|#04-64 68|TEL:62662581,238839,M20370629T
76,L0301050210,"TAMPINES MALL - TOYS""R""US",TAMPINES CENTRAL|TAMPINES MALL,TOYSRUS|TOYS 'R' US|TOYRUS.COM|HOTLINE: 6733 0190|EMAIL: S9.STAR@TOYSRUS.COM,529510,M20640730
183,L0609960159,,BUGIS JUNCTION|200 VICTORIA ST,MA MAISON|TEL: 6338 4819|FAX: 6338 4319,188021,M289206051
67,L0402570474,PLAZA SINGAPURA - SPOTLIGHT,PLAZA SINGAPURA|238839,LEVEL 5::5|PH 65 6733 9808|FAX 65 6733 0576|WWW.SPOTLIGHT.COM.SG,238839,M289214186
71,L0300720009,TAMPINES MALL - CRYSTAL JADE KITCHEN,TAMPINES MALL|4 TAMPINES CENTRAL 5,CRYSTAL JADE|CRYSTAL JADE KITCHEN|TEL NO: 6788-0633|FAX: 6788-0622,529510,M289214305
,L03069960272,,TAMPINES MALL|4 TAMPINES CENTRAL 5|SINGAPORE 529510,SOPHO|SOPHO.COM|NO: M289220330|TEL: 6789 0653|FAX: 6789 2807|WWW.SOPHO.COM.SG,529510,m289220330
251,L0501120021,IMM BUILDING - BALITHAI,IMM BUILDING|2 JURONG EAST 21,BALI THAI @|TEL: +65 6560 5660|WWW.BALITHAI.COM.SG,609601,M289220330
180,L1616870087,,BUKIT PANJANG PLAZA|1 JELEBU ROAD|SINGAPORE 677743,STREATS CF|WWW.STREATS CF.COM.SG|TEL: 6767 4745|FAX: 6767 4769,677743,M2892220330
154,L0516871284,,IMM BUILDING|2 JURONG EAST|IMM|609601,STREATS CF|TEL: 65646471|WWW.STREATS.COM.SG,609601,M2892220330
,L24087480424,BEDOK MALL - STREATS,BEDOK|BEDOK MALL|311 NEW UPPER CHANGI ROAD|467360,STREATS CF|TEL: 6702 3603|WEBSITE: WWW.STREATSCAFE.COM.SG,467360,M2892220330
325,L0601110476,,BUGIS JUNCTION|200 VICTORIA STREET,HONGUO|TEL:68844717|WEBSITE:WWW.HONGUO.COM.SG/,188021,M2892220330
252,L06086060928,BUGIS JUNCTION - CRYSTAL JADE LA MIAN XIAO LONG BAO,BUGIS JUNCTION|230 VICTORIA ST,CRYSTAL JADE|CRYSTAL JADE LA MIAN XIAO LONG BAO|TEL:63396902|MIAN XLB,188024,M289234888
6,L2460440250,BEDOK MALL - FAIRPRICE FINEST,BEDOK MALL|311 NEW UPPER CHANGI ROAD|BEDOK,FINEST|FAIRPRICE FINEST|6844 9846|Road #B02-60|UEN NO: S83CS0191L,467360,M400045780
5,L0260440007,JUNCTION 8 - FAIRPRICE FINEST,JUNCTION 8|9 BISHAN PLACE,FINEST|FAIRPRICE FINEST|62590461|UEN NO: S83CS0191L,579837,M400045780
44,L18071350286,LOT ONE - UNITY,LOT1 SHOPPER::LOT|LOT ONE|21 CHOA CHU KANG AVE 4,UNITY|UNITY BY FAIRPRICE|TEL: 6763 7678|#B1-04/05 Lot1|UEN NO: S83CS0191L,689812,M400045780
4,L1860430425,LOT ONE - FAIRPRICE,LOT 1|LOT 1 SHOPPERS::LOT|LOT ONE|21 CHOA CHU KANG AVE 4,NTUC|NTUC FAIRPRICE|67665009|#B1-03 Lot 1|UEN NO: S83CS0191L,689812,M400045780
3,L0360430010,TAMPINES MALL - FAIRPRICE,TAMPINES MALL|4 TAMPINES CENTRAL 5|SINGAPORE 529510,NTUC|NTUC FAIRPRICE|67861953|UEN NO: S83CS0191L,529510,M400045780
18,L09060440379,JCUBE - FAIRPRICE FINEST,JCUBE|JCUBE MALL|2 JURONG EAST CENTRAL 1,FINEST|FAIRPRICE FINEST|TEL: 62624180 / 62624183|UEN NO: S83CS0191L,609731,M400045780
1,L16060443035,BUKIT PANJANG PLAZA - FAIRPRICE FINEST,BUKIT PANJANG PLAZA|1 JELEBU ROAD,FINEST|FAIRPRICE FINEST|#01-15 & 02-20|UEN NO: S83CS0191L,677743,M400045780
273,L02071350024,,JUNCTION 8|9 BISHAN PLACE,UNITY|UNITY BY FAIRPRICE|6262 5302|UEN NO: S83CS0191L,579837,M400045780
406,L04071350460,PLAZA SINGAPURA - UNITY PHARMACY,PLAZA SINGAPURA|68 ORCHARD ROAD,UNITY|UNITY BY FAIRPRICE|TEL: 6238 0230|UEN NO: S83CS0191L,238839,M400045780
,L25071353222,,WESTGATE|3 GATEWAY DRIVE,UNITY|UNITY BY FAIRPRICE|TEL: 6465 9161|UEN NO: S83CS0191L,668532,M400045780
104,L1611490005,BUKIT PANJANG PLAZA - UNITY,BUKIT PANJANG PLAZA|1 JELEBU ROAD,UNITY|UNITY BY FAIRPRICE|TEL: 6760 2363|UEN NO: S83CS0191L,677743,M400045780
0,LSPC900082,SingPost Centre - NTUC FairPrice,10 Eunos Road 8|SingPost Centre,#B01-101 to 107|TEL: 67472896,408600,M400045780
436,L0924670275,JCUBE - THE RINK,JCUBE|2 JURONG EAST CENTRAL 1,THE RINK|SINGAPORE SPORTS COUNCIL|TEL NO : 66842374,609731,M88200067
177,L24030030491,,BEDOK MALL|311 NEW UPPER CHANGI ROAD,SEOUL GARDEN|TEL:65841339,467360,M90001079Y
223,L0530031296,IMM BUILDING - SEOUL GARDEN HOTPOT,IMM BUILDING|2 JURONG EAST,SEOUL GARDEN HOTPOT|TEL:65668339,,M90001079Y
591,L0310230572,TAMPINES MALL - SEOUL GARDEN,TAMPINES MALL,SEOUL GARDEN|TEL: 6786 1339,,M90001079Y
,L0501081303,,JURONG EAST|IMM BUILDING,M1 SHOP::M1|BRN : #199601952W,,m90003294P
493,L03014140394,TAMPINES MALL - M1,TAMPINES MALL|4 TAMPINES CENTRAL 5,M1 SHOP::M1|BRN: #199601952W,,M90003294P
122,L0601080645,Bugis Junction - M1 Shop,BUGIS JUNCTION|PARCO BUGIS,M1 SHOP|#01-81/82 BUGIS|#199601952W,,M9-0003294-P
571,L0301210421,TAMPINES MALL - STARHUB,TAMPINES MALL|4 TAMPINES CENTRAL 5,STARHUB|STARHUB LTD,,M90005650C
457,L57133290611,RAFFLES CITY SINGAPORE - DA PAOLO GASTRONOMIA,RAFFLES CITY|252 NORTH BRIDGE ROAD,DA PAOLO GASTRONOMIA|WWW.DAPAOLO.COM.SG,179103,M90006960G
557,L57250283114,RAFFLES CITY SINGAPORE - PRECIOUS THOTS,RAFFLES CITY|252 NORTHBRIDGE ROAD,PRECIOUS THOTS|#02-17/18/19|PHONE: 6332 1494|FAX: 6338 8062,179103,M90007909T
,L57135040691,RAFFLES CITY SINGAPORE - TREASURES YI DIAN XIN,RAFFLES CITY|252 NORTH BRIDGE ROAD,TREASURES|YI DIAN XIN|IMPERIAL TREASURE|TEL: 6262 1662|FAX: 6262 1656,179103,m90010008Y
309,L25013370530,,WESTGATE|WEST GATE,TIMEZONE,,M90010613J
423,L04073580663,PLAZA SINGAPURA - LOKKEE / LAO BEIJING,PLAZA SINGAPURA|68 ORCHARD ROAD,DRAGON CHAM|TEL:6738-7207|REG #:200006691H,238839,M9005581L
,L0527882029,IMM BUILDING - SOUP RESTAURANT,IMM BUILDING|2 JURONG EAST|467360|IMM,SOUP RESTAURANT|TEL: 6899 1811|FAX: 6899 1911,609601,M90344326G
284,L05063412340,,IMM BUILDING|2 JURONG EAST,POT LUCK|TEL:68996636|FAX:68996676,609601,M90344326G
480,L05062962339,IMM BUILDING - CAFE O,IMM BUILDING|2 JURONG EAST,CAFE 0|TEL: 6899 1181|FAX:6899 1191,,M90344326G
85,L03034190580,TAMPINES MALL - H&M,TAMPINES MALL|4 TAMPINES CENTRAL 5|529510,HENNES|H&M|HENNES & MAURITZ|TEL : 64438823,529510,M90366024R
18,L57250483032,Raffles City Singapore - COS,252 North Bridge Road|Raffles City,COS::COS|Tel: 63361690|Road #01-32|cosstores.com,179103,M90366024R
458,L0638850781,BUGIS JUNCTION - SIMPLY TOYS & TOY OUTPOST,BUGIS JUNCTION,SIMPLY TOYS & TOY OUTPOST|SIMPLYTOYS|TEL: 6333 0669|EMAIL:CS@SIMPLYTOYS.COM.SG,,M90367330P
42,L05063792725,IMM BUILDING - NIKEFACTORYSTORE,IMM BLDG|IMM BRANCH|IMM BUILDING|IMM MALL,NIKE GLOBAL|(65)6896 2602|NIKEFACTORYSTORE|NIKEFACTORYSTORE|NIKE,609601,M90367331L
204,L24000010421,,BEDOK MALL|311 NEW UPPER CHANGI ROAD,BACHMANN JAPANESE|AJISEN RAMEN @ BEDOK MALL|TEL NO. 6844 9373,,M90370629T
160,L0502892032,,IMM BUILDING|2 JURONG EAST|IMM|609601,BACHMANN JAPANESE|AJISEN RAMEN|TEL: 6564 5610|AJISEN @ IMM,609601,M90370629T
121,L03066420148,TAMPINES MALL - AJISEN RAMEN AND OSAKA OHSHO,TAMPINES MALL|TAMPINES CENTRAL,BACHMANN JAPANESE|TEL: 67876422,,M90370629T
112,L1800010383,LOT ONE - AJISEN RAMEN,LOT 1 SHOPPERS MALL|21 CHOA CHU KANG,BACHMANN JAPANESE|TEL: 6760 1282,,M90370629T
,L03086730652,,TAMPINES MALL|4 TAMPINES CENTRAL 5|SINGAPORE 529510,BACHMANN JAPANESE|MENYA MUSASHI|TEL: 6786 3221,529510,M90370629T
,L15088490506,,PLAZA SINGAPURA|THE ATRIUM@ORCHARD|68 ORCHARD RD,AKIMITSU|JAPAN FOODS ENTERPRISES|TEL: 62643390,238839,M90370629T
220,L16000010032,BUKIT PANJANG PLAZA - AJISEN RAMEN,BUKIT PANJANG PLAZA|1 JELEBU ROAD,BACHMANN JAPANESE|TEL: 6465 0735|Road #01-36,677743,M90370629T
234,L25084120688,WESTGATE - MENYA MUSASHI KODOU,WESTGATE|3 GATEWAY DRIVE,MBACHMANN JAPANESE|ENYA MUSASHI|Tel No. 6465 9381|Drive #02-07,608532,M90370629T
291,L57250223235,,RAFFLES CITY|252 NORTH BRIDGE ROAD,OSAKA OHSHO|TEL/FAX: 6338 5584,179103,M90370629T
384,L2226200146,THE STAR VISTA - MENYA MUSASHI,THE STAR VISTA|1 VISTA EXCHANGE GREEN,BACHMANN JAPANESE|MENYA MUSASHI|Green #B1-08,138617,M90370629T
407,L0621720363,BUGIS JUNCTION - KAZOKUTEI,BUGIS JUNCTION,BACHMANN JAPANESE|KAZOKUTEI|TEL/FAX: 6338 0187,,M90370629T
448,L57250213189,RAFFLES CITY SINGAPORE - MENYA MUSASHI KAFU,RAFFLES CITY|252 NORTH BRIDGE ROAD,BACHMANN JAPANESE|MENYA MUSASHI|TEL: 6254 9713,179103,M90370629T
209,L2531580346,WESTGATE - OSAKA OHSHO,WESTGATE|3 GATEWAY DRIVE,BACHMANN JAPANESE|OSAKA OHSHO|TEL. NO. 6465 9383,608532,M90370629T
259,L02031580325,JUNCTION 8 - OSAKA OHSHO,JUNCTION 8|9 BISHAN PLACE,BACHMANN JAPANESE|OSAKA OHSHO|#02-34/35/35A|TEL: 6259 6698,579837,M90370629T
,L0202140234,JUNCTION 8 - AJISEN JAPANESE RESTAURANT,JUNCTION 8|9 BISHAN PLACE,BACHMANN JAPANESE|AJISEN|AJISEN @ JUNCTION,579836,M90370629T
110,L21078020492,Bugis+ - New ManLee Bak Kut Teh,Bugis +|201 Victoria Street,New Manlee|Tel: 6509 9841|Bugis + #01-12,188067,M90370629T
162,L0662610832,Bugis Junction - KOTSUJIRU NABE by Osaka Ohsho,Bugis Junction|200 Victoria Street,@B1-K21 / K22,100021,M90370629T
52,L06000013052,Bugis Junction - AJISEN RAMEN,Bugis Junction|200 Victoria Street,Tel: 6333 9512,188021,M903770629T
89,L0500511872,IMM BUILDING - POPULAR,POPULAR IMM::M|IMM,POPULAR|POPULAR BOOK COMPANY|URBANWRITE,554360,MR8500027X
61,L2400510224,BEDOK MALL - POPULAR,BEDOK MALL,POPULAR|POPULAR BOOK COMPANY|URBANWRITE,554360,MR8500027X
57,L1600510083,BUKIT PANJANG PLAZA - POPULAR,BUKIT PANJANG,POPULAR|POPULAR BOOK COMPANY|URBANWRITE,554360,MR8500027X
46,L25000510564,WESTGATE - POPULAR,WESTGATE,POPULAR|POPULAR BOOK COMPANY|URBANWRITE,554360,MR8500027X
40,L0200510204,JUNCTION 8 - POPULAR,JUNCTION 8,POPULAR|POPULAR BOOK COMPANY|URBANWRITE,554360,MR8500027X
30,L1800510420,LOT ONE - POPULAR,LOT 1 SHOPPER|LOT ONE,POPULAR|POPULAR BOOK COMPANY|URBANWRITE,554360,MR8500027X
21,L0300510209,TAMPINES MALL - POPULAR,TAMPINES MALL,POPULAR|POPULAR BOOK COMPANY|URBANWRITE,554360,MR8500027X
114,L1607900213,BUKIT PANJANG PLAZA - HARVEY NORMAN,BUKIT PANJANG PLAZA|1 JELEBU ROAD,HARVEY NORMAN|#03-06/06A/06B/07A,677743,MR85001242
122,L0402540144,PLAZA SINGAPURA - MARKS & SPENCER,PLAZA SINGAPURA|68 ORCHARD ROAD,MARKS & SPENCER|BACCARAT|TEL: 6835 9552|197501717W|WWW.TELLMANDSSG.COM,238839,MR85001447
11,L57054200166,RAFFLES CITY SINGAPORE - ROBINSONS,RAFFLES CITY|RAFFLES,ROBINSONS|TEL: +65 62168388|ROBINSONS & CO (S) P/L,179103,MR85001447
,L57RCS02,RAFFLES CITY SINGAPORE - MARKS & SPENCER,RAFFLES CITY|252 NORTH BRIDGE RD|RAFFLES,MARKS & SPENCER|BACCARAT|WWW.TELLMANDSSG.COM,179103,MR85001447
9,L0413460570,PLAZA SINGAPURA - COLD STORAGE,PLAZA SINGAPURA|68 ORCHARD ROAD|SINGAPORE 238839,CS PLAZA::CS|COLD STORAGE|#B2-15/16,238839,MR85002257
82,L57RCS04,RAFFLES CITY SINGAPORE - GUARDIAN,RAFFLES CITY|252 NORTH BRIDGE ROAD,GUARDIAN|GUARDIAN HEALTH & BEAUTY|BIZ REG NO 38562800E|WWW.GUARDIAN.COM.SG,179103,MR85002257
65,L0600030599,BUGIS JUNCTION - GUARDIAN,BUGIS JUNCTION,GUARDIAN|GUARDIAN HEALTH & BEAUTY|BIZ REG NO 38562800E|WWW.GUARDIAN.COM.SG,188021,MR85002257
64,L0400030317,PLAZA SINGAPURA - GUARDIAN,PLAZA SINGAPURA|68 ORCHARD ROAD,GUARDIAN|GUARDIAN HEALTH & BEAUTY|BIZ REG NO 38562800E|WWW.GUARDIAN.COM.SG,238839,MR85002257
54,L2500030308,WESTGATE - GUARDIAN,WESTGATE|3 GATEWAY DRIVE,GUARDIAN|GUARDIAN HEALTH & BEAUTY|BIZ REG NO 38562800E|WWW.GUARDIAN.COM.SG|TEL:6465 9440,608532,MR85002257
36,L1800030443,LOT ONE - GUARDIAN,LOT 1|LOT ONE|21 CHOA CHU KANG AVENUE 4,GUARDIAN|GUARDIAN HEALTH & BEAUTY|BIZ REG NO 38562800E|WWW.GUARDIAN.COM.SG,689812,MR85002257
31,L0300030016,TAMPINES MALL - GUARDIAN,TAMPINES MALL|4 TAMPINES CENTRAL 5|529538,GUARDIAN|GUARDIAN HEALTH & BEAUTY|BIZ REG NO 38562800E|WWW.GUARDIAN.COM.SG|TEL:6787 0648,529510,MR85002257
29,L2400030111,BEDOK MALL - GUARDIAN,BEDOK MALL|311 NEW UPPER CHANGI ROAD,GUARDIAN|GUARDIAN HEALTH & BEAUTY|BIZ REG NO 38562800E|WWW.GUARDIAN.COM.SG|#B2-45/46/47|TEL:6844-9312,467360,MR85002257
28,L0200030016,JUNCTION 8 - GUARDIAN,JUNCTION 8|9 BISHAN PLACE,GUARDIAN|GUARDIAN HEALTH & BEAUTY|BIZ REG NO 38562800E|WWW.GUARDIAN.COM.SG|TEL: 6353 7234,579837,MR85002257
25,L0500031744,IMM BUILDING - GUARDIAN,IMM BUILDING|2 JURONG EAST|609601,GUARDIAN|GUARDIAN HEALTH & BEAUTY|BIZ REG NO 38562800E|WWW.GUARDIAN.COM.SG|TEL:6566 7660,609601,MR85002257
23,L1600030133,BUKIT PANJANG PLAZA - GUARDIAN,BUKIT PANJANG PLAZA|1 JELEBU ROAD,GUARDIAN|GUARDIAN HEALTH & BEAUTY|BIZ REG NO 38562800E|WWW.GUARDIAN.COM.SG,677743,MR85002257
2,L0501741751,IMM - GIANT,IMM BLDG|IMM BRANCH|IMM BUILDING|IMM MALL,GIANT|BIZ REG NO 53234707B|WWW.GIANTONLINE.COM.SG,609601,MR85002257
16,L2213460264,THE STAR VISTA - COLD STORAGE,THE STAR VISTA|1 VISTA EXCHANGE GREEN,CS STAR::CS|COLD STORAGE|#B1-02/35/36,13861,MR85002257
14,L57054310673,RAFFLES CITY SINGAPORE - RAFFLES CITY MARKET PLACE,RAFFLES CITY|252 NORTH BRIDGE ROAD,MKT PLACE|BIZ REG NO 52929695X,179103,MR85002257
103,L2200030160,THE STAR VISTA - GUARDIAN,THE STAR VISTA|1 VISTA EXCHANGE GREEN|138617,GUARDIAN|GUARDIAN HEALTH & BEAUTY|BIZ REG NO 38562800E|WWW.GUARDIAN.COM.SG,138617,MR85002257
10,L0613460502,BUGIS JUNCTION - COLD STORAGE,230 VICTORIA ST,CS BUGIS::CS|COLD STORAGE|TEL: 63361990|#B1-16 S188024,188024,MR85002257
66,CALT25,CALTEX - CALTEX TAMPINES,1 TAMPINES AVENUE 8|SINGAPORE 529594,CALTEX|TEL: 6260 1780|FAX: 6260 1782|MERCHANT ID: 1049442450,529594,MR85002354
182,CALT01,,355 EAST COAST ROAD,CALTEX|CALTEX EAST COAST|TEL: 6342 2378|FAX: 6342 2381|MERCHANT ID: 1049442320,428972,MR85002354
130,CALT03,CALTEX - JURONG WEST,21 JURONG WEST STREET 93|648964,CALTEX|TEL: 6793 0880|FAX: 6792 0330|MERCHANT ID: 1049442430,648964,MR85002354
118,CALT02,CALTEX - CLEMENTI,CLEMENTI AVENUE 2,CALTEX,129930,MR85002354
,L0300060465,,TAMPINES MALL|4 TAMPINES CENTRAL 5,DELIFRANCE|TEL: 6260 8522|BUSINESS REG NO: 198902330E,529510,mr85003130
,L1800060438,LOT ONE - DELIFRANCE,LOT 1|LOT ONE|CHOA CHU KANG|21 CHOA CHU KANG AVE 4|689812,DELIFRANCE|198902330E|#03-K14A|TEL: 6767 0751|BUSINESS REG NO: 198902330E,689812,mr85003130
144,L0402690137,Plaza Singapura - DMK,Plaza Singapura|68 Orchard Road,DMK|Road #02-08|Tel: 6837 0983,238839,MX0974243E
161,L0920510061,"JCUBE - ITACHO SUSHI, JIKA UDON",JCUBE|2 JURONG EAST CENTRAL 1|SINGAPORE 609731,ITACHO SUSHI|JIKA UDON|TEL: 6684 4083|#02-14 2 JUR,609731,
157,L25081990591,,WESTGATE|3 GATEWAY DRIVE,SHABU SAI WG|TEL 6908 5686,,201104341W
,L02030740296,,JUNCTION 8 SHOPPING|JUNCTION 8|579837,SKECHERS|#01-10/11|TEL: 6262 2801|COMPANY REG NO: 200618576R,579837,
,L03061790656,,TAMPINES MALL|4 TAMPINES CENTRAL 5|SINGAPORE 529510,YOOGANE|TEL: 65441098,529510,201426699M
,L0418560022,,PLAZA SINGAPURA|68 ORCHARD RD|238839,MANNA|MANNA STORY|TEL: 01234567889,238839,
,L06087790158,,BUGIS JUNCTION|200 VICTORIA ST,KOGANE YAMA|KOGANE,188021,201700204C
,L0661790156,,BUGIS JUNCTION,YOOGANE|TEL: +65 6337 7337,188021,201330636Z
,L16089753008,,BUKIT PANJANG PLAZA|1 JELEBU ROAD,AH MAH HOMEMADE|EGG SPONGE CAKE,677743,
,L2402240197,,BEDOK MALL|311 NEW UPPER,SA SA COSMETIC|68449690 FAX:68449691,467360,
,L25082270584,,3 GATEWAY DRIVE|WESTGATE,ABURI SUSHI|HEISHIRO|TEL: 63699489,,201616968R
227,L25082140753,WESTGATE - ADRIFT ANAPAUO MASSAGE & SPA,WESTGATE|3 GATEWAY DRIVE,ADRIFT|ADRIFT ANAPAUO|ADRIFT ANAPAUO MASSAGE & SPA|TEL:88224567|WWW.AA-SPA.SG,608532,
296,L0300200050,TAMPINES MALL - CHARLES & KEITH,TAMPINES MALL|4 TAMPINES CENTRAL 5,CHARLES & KEITH,,
381,L02087290441,JUNCTION 8 - CHATERAISE,JUNCTION 8|9 BISHAN PLACE,CHATERAISE|TEL:6734 4355,579837,
421,L2538160342,WESTGATE - TEMT,WESTGATE|JURONG GATEWAY|600135,TEMT|ST-WGT|PH: 6465 9295|ABN# 201307130C,600135,
479,L2430470107,Bedok Mall - Greendot,BEDOK MALL|311 NEW UPPER CHANGI ROAD,GREENDOT|#B2-31/32,467360,
484,L2528880319,WESTGATE - FOOD REPUBLIC,WESTGATE|2 GATEWAY DRIVE,FOOD REPUBLIC|HOT HOT BOT|#B1-28/29,608532,
524,L04070180659,PLAZA SINGAPURA - HONG KONG WONTON NOODLE,PLAZA SINGAPURA|68 ORCHARD ROAD,WONTON|HONG KONG WONTON NOODLE|TEL: 66840923,238839,
565,L22076230357,THE STAR VISTA - GREENDOT  SMOOTHIE HOUSE,THE STAR VISTA|1 VISTA EXCHANGE GREEN,GREEN DOT ASIAM FUSION|#01-33/K2|TEL: 6702 2221,138617,
573,L25038820576,WESTGATE - ORBIS,WESTGATE|3 GATEWAY DRIVE,ORBIS ASIA PACIFIC HEADQUARTER|TEL NO.: 65 6397 5011|CO. REG. NO: 201317584E,608532,
353,L21038160505,BUGIS+ - TEMT,BUGIS+|201 VICTORIA STREET|188067,TEMT|TEMT ST-BGS|#02-25/26/27|PH: 6238 1479|ABN# 201307130C,188067,
452,L15038160438,THE ATRIUM@ORCHARD - TEMT,PLAZA SINGAPURA|68 ORCHARD ROAD,TEMT ST-PSP|ST-PSP #01-54,238839,
454,L05076682689,IMM BUILDING - THE ORANGE LANTERN,IMM #02-52,ORANGE LANTERN|LANTERN|TEL: 68962640|IMM #02-52,,
464,L02038160436,JUNCTION 8 - TEMT,JUNCTION 8|9 BISHAN PL|579837,TEMT|TEMT ST-JCT|ST-JCT|#02-41/42|PH: 6265 3875|ABN# 201307130C|FAST FUTURE BRANDS|TEMT CS@SG,579837,
466,L25065210442,WESTGATE - THE LEARNING LAB,WESTGATE,THE LEARNING LAB|WWW.THELEARNINGLAB.COM.SG,,
507,L57250753280,RAFFLES CITY SINGAPORE - MANGO,RAFFLES CITY SINGAPORE|252 NORTH BRIDGE RD,MANGO|RSH SING|PHONE65 62502306,179103,
515,L1528000346,THE ATRIUM@ORCHARD - BANGKOK JAM,PLAZA SINGAPURA|THE ATRIUM@ORCHARD|68 ORCHARD ROAD,BANGKOK JAM|MANAGED BY CREATIVEEATERIES|TEL: 65 6341 9188,238839,
516,L16028900248,BUKIT PANJANG PLAZA -  (SHAN CHENG),BUKIT PANJANG PLAZA|1 JELEBU ROAD|677743,SHAN CHENG|#01-56/57,677743,
29,L22200193146,The Star Vista - REDMAN BY PHOON HUAT,THE STAR VISTA,REDMAN by Phoon Huat|B1-14/15,138617,
36,L25201423022,Westgate - New York Night Market,3rd Gateway Drive,NY Night Market Pte|Westgate #01-08|Tel:68161018,608532,
42,L57250983225,Raffles City Singapore - Tokyo Milk Cheese Factory,Raffles City #B1-73|252 North Bridge Road,Tokyo Milk Cheese Factory|www.tokyomilkcheesesg.com|+65 92488476,179103,
45,L04088340710,Plaza Singapura - SHOP SASSY DREAM,68 Orchard Road|Plaza Singapura,Shop Sassy Dream|Road #B1-30/34,238839,
49,L0221650297,Junction 8 - Tracyeinny,9 Bishan Place|Junction 8,#02-36/37|Tracyeinny,579837,
64,L05070472606,IMM Building - Triumph Outlet,2 Jurong East Street 21|IMM Building,Triumph|21 #02-46|Tel:(65)63840241,609601,
71,L0613410629,Bugis Junction - L'zzie,Bugis Junction|200 Victoria Street,L'zzie|Street #02-37/38|Tel. +65 6333 5856|@Lzzie.officiel,,
93,L09085150305,JCube - PLAYDRESS,2 Jurong East Central 1|JCube,PLAYDRESS|#01-29/30/31|Tel:6336 7067,609731,
150,L04085610079,Plaza Singapura - Ninth Collective,68 Orchard Road|Plaza Singapura,COLLECTIVE|Tel: 6266 2058|sg_cs@ninthcollective.com,238839,
161,L24201623217,Bedok Mall - CoffeeSmith,311 NEW UPPER CHANGI ROAD|BEDOK MALL,COFFEE SMITH|#01-78 BEDOK,467360,
169,L1820300277,Lot One - Smiggle,G02-LOT ONE|21 CHOA CHU KANG AVE 4|LOT ONE,SHOP #01-20A/20B|Telephone: 65 67679871|Smiggle|www.snmiggle.com.sg,689812,
178,L18070880072,Lot One - Apgujeong Hair Studio,21 Choa Chu Kang Avenue 4|Lot One,APGUJEONG|Tel No: 67694776|www.facebook.com/ApgujeongHair|Apgujeong Hair,,
3,L24200443209,Bedok Mall - HaiDiLao Hot Pot,311 new upper changi road|bedok mall,HAIDILAO DINING|6385 3343/6385 3433,,
87,L09201223076,JCube - Shi Jian Hotpot,JCube|2 Jurong East Central 1,Shi Jian Hot Pot|02-19 Jcube,709731,
81,L04200433254,Plaza Singapura - Runway Bandits,68 Orchard Road|Plaza Singapura,RUNWAY BANDITS|Singapura #B1-31,238839,
